Che cos'è Amazon SageMaker?,"Amazon SageMaker è un servizio completamente gestito per preparare dati e creare, addestrare e distribuire modelli di machine learning (ML) per qualsiasi caso d'uso con infrastruttura, strumenti e flussi di lavoro completamente gestiti."
In quali regioni è disponibile Amazon SageMaker?,"Per un elenco delle regioni AWS di Amazon SageMaker supportate, visita la pagina AWS Regional Services. Inoltre, per ulteriori informazioni, consulta Regional endpoints nella guida di riferimento generale di AWS."
Qual è la disponibilità del servizio Amazon SageMaker?,"Amazon SageMaker è progettato per un'elevata disponibilità. Non ci sono finestre di manutenzione o tempi di inattività programmati. Le API SageMaker vengono eseguite nei comprovati data center ad alta disponibilità di Amazon, con la replica dello stack di servizi configurata su tre strutture in ciascuna regione AWS per fornire tolleranza agli errori in caso di guasto del server o interruzione della zona di disponibilità."
In che modo Amazon SageMaker protegge il mio codice?,"Amazon SageMaker archivia il codice in volumi di storage ML, protetti da gruppi di sicurezza e opzionalmente crittografati quando sono inattivi."
Quali misure di sicurezza utilizza Amazon SageMaker?,"Amazon SageMaker garantisce che gli artefatti del modello ML e altri artefatti di sistema siano crittografati in transito e a riposo. Le richieste all'API e alla console SageMaker vengono effettuate tramite una connessione sicura (SSL). Passi i ruoli di AWS Identity and Access Management a SageMaker per fornire le autorizzazioni per accedere alle risorse per tuo conto per la formazione e l'implementazione. Puoi utilizzare bucket crittografati di Amazon Simple Storage Service (Amazon S3) per modellare artefatti e dati, nonché passare una chiave AWS Key Management Service (KMS) ai notebook, ai processi di formazione e agli endpoint di SageMaker per crittografare il volume di storage ML allegato. Amazon SageMaker supporta anche Amazon Virtual Private Cloud (VPC) e AWS PrivateLink."
"Amazon SageMaker utilizza o condivide modelli, dati di addestramento o algoritmi?","Amazon SageMaker non utilizza né condivide modelli dei clienti, dati di formazione o algoritmi. Sappiamo che i clienti tengono molto alla privacy e alla sicurezza dei dati. Ecco perché AWS ti offre la proprietà e il controllo dei tuoi contenuti attraverso strumenti semplici e potenti che ti consentono di determinare dove verranno archiviati, proteggere i contenuti in transito e inattivi e gestire l'accesso ai servizi e alle risorse AWS per i tuoi utenti. Implementiamo inoltre controlli tecnici e fisici responsabili e sofisticati progettati per impedire l'accesso o la divulgazione non autorizzati dei tuoi contenuti. In qualità di cliente, mantieni la proprietà dei tuoi contenuti e scegli quali servizi AWS possono elaborare, archiviare e ospitare i tuoi contenuti. Non accediamo ai tuoi contenuti per nessuno scopo senza il tuo consenso."
Come mi viene addebitato Amazon SageMaker?,"Paghi per le risorse di calcolo, archiviazione ed elaborazione dati ML che utilizzi per ospitare il notebook, addestrare il modello, eseguire previsioni e registrare gli output. Amazon SageMaker consente di selezionare il numero e il tipo di istanza utilizzata per il notebook ospitato, la formazione e l'hosting del modello. Paghi solo ciò che usi, così come lo usi; non sono previsti costi minimi né impegni anticipati. Consulta la pagina dei prezzi di Amazon SageMaker e il calcolatore dei prezzi di Amazon SageMaker per maggiori dettagli."
"In che modo posso ottimizzare i costi di Amazon SageMaker, ad esempio rilevando e bloccando le risorse inattive per evitare addebiti inutili?","Esistono diverse best practice che puoi adottare per ottimizzare l'utilizzo delle risorse di Amazon SageMaker. Alcuni approcci prevedono ottimizzazioni della configurazione, altri prevedono soluzioni programmatiche. Una guida completa su questo concetto, completa di tutorial visivi ed esempi di codice, è disponibile in questo post del blog."
"Cosa succede se dispongo di un notebook, di un ambiente di formazione o di hosting personale?","Amazon SageMaker offre un flusso di lavoro completo, ma puoi continuare a utilizzare gli strumenti esistenti con SageMaker. Puoi trasferire facilmente i risultati di ogni fase all'interno e all'esterno di SageMaker in base alle esigenze aziendali."
R è supportato con Amazon SageMaker?,"Sì, R è supportato da Amazon SageMaker. Puoi usare R all'interno delle istanze del notebook SageMaker, che includono un kernel R preinstallato e la libreria reticulate. Reticulate offre un'interfaccia R per l'SDK Python di Amazon SageMaker, che consente agli esperti di ML di creare, addestrare, ottimizzare e distribuire modelli R."
Come posso verificare gli squilibri nel mio modello?,"Amazon SageMaker Clarify aiuta a migliorare la trasparenza dei modelli rilevando distorsioni statistiche nell'intero flusso di lavoro ML. SageMaker Clarify verifica la presenza di squilibri durante la preparazione dei dati, dopo la formazione e nel tempo e include anche strumenti che aiutano a spiegare i modelli ML e le relative previsioni. I risultati possono essere condivisi tramite report di spiegabilità."
Che tipo di distorsione rileva Amazon SageMaker Clarify?,"La misurazione delle distorsioni nei modelli ML è un primo passo per mitigare le distorsioni. Le distorsioni possono essere misurate prima e dopo l'addestramento, nonché a fini di inferenza per un modello implementato. Ogni misura della distorsione corrisponde a una diversa nozione di equità. Anche considerare semplici nozioni di equità porta a molte misure diverse applicabili in vari contesti. È necessario scegliere nozioni e metriche parziali valide per l'applicazione e la situazione oggetto di indagine. Attualmente SageMaker supporta il calcolo di diverse metriche di distorsione per i dati di addestramento (come parte della preparazione dei dati SageMaker), per il modello addestrato (come parte di Amazon SageMaker Experiments) e per l'inferenza per un modello distribuito (come parte di Amazon SageMaker Model Monitor). Ad esempio, prima della formazione, forniamo metriche per verificare se i dati di formazione sono rappresentativi (ovvero se un gruppo è sottorappresentato) e se vi sono differenze nella distribuzione delle etichette tra i gruppi. Dopo la formazione o durante l'implementazione, le metriche possono essere utili per misurare se (e in che misura) le prestazioni del modello differiscono tra i gruppi. Ad esempio, iniziate confrontando i tassi di errore (la probabilità che la previsione di un modello differisca dall'etichetta reale) o suddivideteli ulteriormente in precisione (la probabilità che una previsione positiva sia corretta) e ricordate (la probabilità che il modello identifichi correttamente un esempio positivo)."
In che modo Amazon SageMaker Clarify migliora la spiegabilità del modello?,Amazon SageMaker Clarify è integrato con Amazon SageMaker Experiments per fornire un grafico dell'importanza delle funzionalità che descrive in dettaglio l'importanza di ogni input per il processo decisionale complessivo del modello dopo che il modello è stato addestrato. Questi dettagli possono aiutare a determinare se un particolare input del modello ha un'influenza maggiore di quanto dovrebbe sul comportamento generale del modello. SageMaker Clarify rende inoltre disponibili le spiegazioni per le singole previsioni tramite un'API.
Che cos'è Amazon SageMaker Studio?,"Amazon SageMaker Studio fornisce un'unica interfaccia visiva basata sul Web in cui è possibile eseguire tutte le fasi di sviluppo di ML. SageMaker Studio offre accesso, controllo e visibilità completi in ogni fase necessaria per preparare i dati e creare, addestrare e distribuire modelli. Potete caricare rapidamente i dati, creare nuovi taccuini, addestrare e ottimizzare i modelli, passare da una fase all'altra per regolare gli esperimenti, confrontare i risultati e implementare i modelli in produzione, il tutto in un unico posto, aumentando la produttività. Tutte le attività di sviluppo di ML, compresi i notebook, la gestione degli esperimenti, la creazione automatica dei modelli, il debug e la profilazione e il rilevamento delle deviazioni dei modelli, possono essere eseguite all'interno dell'interfaccia visiva unificata di SageMaker Studio."
Cos'è RStudio su Amazon SageMaker?,"RStudio su Amazon SageMaker è il primo RStudio Workbench completamente gestito nel cloud. Puoi avviare rapidamente il familiare ambiente di sviluppo integrato (IDE) RStudio e comporre e disconnettere le risorse di calcolo sottostanti senza interrompere il lavoro, semplificando la creazione di soluzioni di machine learning (ML) e analisi in R su larga scala. Puoi passare senza problemi tra l'IDE di RStudio e i notebook Amazon SageMaker Studio per lo sviluppo di R e Python. Tutto il tuo lavoro, inclusi codice, set di dati, repository e altri artefatti, viene sincronizzato automaticamente tra i due ambienti per ridurre il cambio di contesto e aumentare la produttività."
Come funzionano i prezzi di Amazon SageMaker Studio?,Non sono previsti costi aggiuntivi per l'utilizzo di Amazon SageMaker Studio. Paghi solo i costi di elaborazione e storage sottostanti per i servizi che utilizzi in Amazon SageMaker Studio.
In quali regioni è supportato Amazon SageMaker Studio?,Puoi trovare le regioni in cui Amazon SageMaker Studio è supportato nella documentazione qui.
Quali strumenti di governance del machine learning fornisce Amazon SageMaker?,"Amazon SageMaker fornisce strumenti di governance del ML appositamente progettati per tutto il ciclo di vita del ML. Con SageMaker Role Manager, gli amministratori possono definire le autorizzazioni minime in pochi minuti. Le SageMaker Model Cards semplificano l'acquisizione, il recupero e la condivisione delle informazioni essenziali sul modello dalla concezione alla distribuzione e SageMaker Model Dashboard vi tiene informati sul comportamento del modello di produzione, tutto in un unico posto. Visualizza ulteriori dettagli."
Cosa fa Amazon SageMaker Role Manager?,"Puoi definire le autorizzazioni minime in pochi minuti con Amazon SageMaker Role Manager. SageMaker Role Manager fornisce un set di base di autorizzazioni per le attività e gli utenti di ML con un catalogo di policy IAM predefinite. È possibile mantenere le autorizzazioni di base o personalizzarle ulteriormente in base alle proprie esigenze specifiche. Con alcune istruzioni autoguidate, puoi inserire rapidamente costrutti di governance comuni come i limiti di accesso alla rete e le chiavi di crittografia. SageMaker Role Manager genererà quindi automaticamente la policy IAM. Puoi scoprire il ruolo generato e le policy associate tramite la console AWS IAM. Per personalizzare ulteriormente le autorizzazioni in base al tuo caso d'uso, collega le policy IAM gestite al ruolo IAM creato con SageMaker Role Manager. Puoi anche aggiungere tag per aiutare a identificare il ruolo e organizzarlo tra i servizi AWS."
A cosa servono le schede modello Amazon SageMaker?,Amazon SageMaker Model Cards ti aiuta a centralizzare e standardizzare la documentazione dei modelli durante tutto il ciclo di vita del ML creando un'unica fonte di verità per le informazioni sui modelli. SageMaker Model Cards compila automaticamente i dettagli di formazione per accelerare il processo di documentazione. È inoltre possibile aggiungere dettagli come lo scopo del modello e gli obiettivi prestazionali. È possibile allegare i risultati della valutazione del modello alla scheda modello e fornire visualizzazioni per ottenere informazioni chiave sulle prestazioni del modello. Le schede modello SageMaker possono essere condivise facilmente con altri esportandole in formato pdf.
A cosa serve Amazon SageMaker Model Dashboard?,"Amazon SageMaker Model Dashboard offre una panoramica completa dei modelli e degli endpoint distribuiti, che consente di tenere traccia delle risorse e delle violazioni del comportamento dei modelli da un unico riquadro. Grazie all'integrazione con Amazon SageMaker Model Monitor e Amazon SageMaker Clarify, consente di monitorare il comportamento dei modelli in quattro dimensioni, tra cui la qualità dei dati e dei modelli e le variazioni di attribuzione delle caratteristiche e delle distorsioni. SageMaker Model Dashboard offre anche un'esperienza integrata per configurare e ricevere avvisi relativi a processi di monitoraggio dei modelli mancanti o inattivi e a deviazioni nel comportamento del modello per quanto riguarda la qualità del modello, la qualità dei dati, la deriva delle distorsioni e l'attribuzione delle funzionalità. È possibile ispezionare ulteriormente i singoli modelli e analizzare i fattori che influiscono sulle prestazioni del modello nel tempo. Poi, potete contattare i professionisti del machine learning per adottare misure correttive."
Cos'è Amazon SageMaker Autopilot?,"Amazon SageMaker Autopilot è la prima funzionalità di machine learning automatizzata del settore che ti offre controllo e visibilità completi sui tuoi modelli di ML. SageMaker Autopilot ispeziona automaticamente i dati grezzi, applica processori di funzionalità, seleziona il set migliore di algoritmi, addestra e ottimizza più modelli, ne monitora le prestazioni e quindi classifica i modelli in base alle prestazioni, il tutto con pochi clic. Il risultato è il modello con le migliori prestazioni che è possibile implementare in una frazione del tempo normalmente necessario per addestrare il modello. Ottieni una visibilità completa su come è stato creato il modello e sui suoi contenuti e SageMaker Autopilot si integra con Amazon SageMaker Studio. Puoi esplorare fino a 50 modelli diversi generati da SageMaker Autopilot all'interno di SageMaker Studio, in modo da scegliere facilmente il modello migliore per il tuo caso d'uso. SageMaker Autopilot può essere utilizzato da persone senza esperienza di apprendimento automatico per produrre facilmente un modello, oppure può essere utilizzato da sviluppatori esperti per sviluppare rapidamente un modello di base su cui i team possano iterare ulteriormente."
Quali algoritmi integrati sono supportati in Amazon SageMaker Autopilot?,Amazon SageMaker Autopilot supporta 2 algoritmi integrati: XGBoost e Linear Learner.
Posso interrompere manualmente un processo di Amazon SageMaker Autopilot?,"Sì. Puoi interrompere un lavoro in qualsiasi momento. Quando un processo di Amazon SageMaker Autopilot viene interrotto, tutte le prove in corso verranno interrotte e non verrà avviata alcuna nuova prova."
Come posso iniziare rapidamente a usare Amazon SageMaker?,"Amazon SageMaker JumpStart ti aiuta a iniziare a usare ML in modo rapido e semplice. SageMaker JumpStart offre una serie di soluzioni per i casi d'uso più comuni che possono essere implementate facilmente con pochi clic. Le soluzioni sono completamente personalizzabili e mostrano l'uso di modelli e architetture di riferimento di AWS CloudFormation in modo da accelerare il percorso verso il machine learning. SageMaker JumpStart supporta anche l'implementazione con un clic e la messa a punto di oltre 150 modelli open source più diffusi, come i modelli di trasformatori, di rilevamento degli oggetti e di classificazione delle immagini."
Quali modelli open source sono supportati da Amazon SageMaker JumpStart?,"Amazon SageMaker JumpStart include oltre 150 modelli open source preformati di PyTorch Hub e TensorFlow Hub. Per attività di visione come la classificazione delle immagini e il rilevamento di oggetti, puoi utilizzare modelli come ResNet, MobileNet e Single-Shot Detector (SSD). Per attività di testo come la classificazione delle frasi, la classificazione del testo e la risposta alle domande, è possibile utilizzare modelli come BERT, Roberta e DiStilbert."
Quali soluzioni sono predefinite con Amazon SageMaker JumpStart?,"SageMaker JumpStart include soluzioni preconfigurate con tutti i servizi AWS necessari per avviare una soluzione in produzione. Le soluzioni sono completamente personalizzabili in modo da poterle modificare facilmente per adattarle al caso d'uso e al set di dati specifici. È possibile utilizzare soluzioni per oltre 15 casi d'uso, tra cui la previsione della domanda, il rilevamento delle frodi e la manutenzione predittiva, e implementare soluzioni prontamente con pochi clic. Per ulteriori informazioni su tutte le soluzioni disponibili, visitate la pagina introduttiva di SageMaker."
Come posso condividere gli artefatti di apprendimento automatico con altri membri della mia organizzazione?,"Con Amazon SageMaker JumpStart, i data scientist e gli sviluppatori di ML possono condividere facilmente gli artefatti ML, inclusi notebook e modelli, all'interno della propria organizzazione. Gli amministratori possono configurare un repository accessibile da un set definito di utenti. Tutti gli utenti autorizzati ad accedere al repository possono sfogliare, cercare e utilizzare modelli e taccuini, nonché i contenuti pubblici all'interno di SageMaker JumpStart. Gli utenti possono selezionare gli artefatti per addestrare modelli, distribuire endpoint ed eseguire notebook in SageMaker JumpStart."
Perché dovrei usare Amazon SageMaker JumpStart per condividere gli artefatti ML con altre persone all'interno della mia organizzazione?,"Con Amazon SageMaker JumpStart, puoi accelerare il time-to-market durante la creazione di applicazioni ML. I modelli e i notebook creati da un team interno all'organizzazione possono essere facilmente condivisi con altri team all'interno dell'organizzazione con pochi clic. La condivisione interna delle conoscenze e il riutilizzo delle risorse possono aumentare in modo significativo la produttività dell'organizzazione."
Come funzionano i prezzi di Amazon SageMaker JumpStart?,"I costi per i servizi AWS lanciati da Amazon SageMaker JumpStart, come i processi di formazione e gli endpoint, vengono addebitati in base ai prezzi di SageMaker. Non sono previsti costi aggiuntivi per l'utilizzo di SageMaker JumpStart."
Cos'è Amazon SageMaker Canvas?,"Amazon SageMaker Canvas è un servizio senza codice con un'interfaccia intuitiva e intuitiva che consente di creare previsioni estremamente accurate basate sul ML a partire dai dati. SageMaker Canvas consente di accedere e combinare dati da una varietà di fonti utilizzando un'interfaccia utente drag-and-drop, che pulisce e prepara automaticamente i dati per ridurre al minimo la pulizia manuale. SageMaker Canvas applica una varietà di algoritmi ML all'avanguardia per trovare modelli predittivi estremamente accurati e fornisce un'interfaccia intuitiva per fare previsioni. È possibile utilizzare SageMaker Canvas per fare previsioni molto più precise in una varietà di applicazioni aziendali e collaborare facilmente con i data scientist e gli analisti dell'azienda condividendo modelli, dati e report. Per ulteriori informazioni su SageMaker Canvas, visitate la pagina delle domande frequenti di SageMaker Canvas."
Come funzionano i prezzi di Amazon SageMaker Canvas?,"Con Amazon SageMaker Canvas, i pagamenti vengono effettuati in base all'utilizzo. SageMaker Canvas consente di inserire, esplorare e preparare in modo interattivo i dati da più fonti, addestrare modelli ML estremamente accurati utilizzando i dati e generare previsioni. Ci sono due componenti che determinano la fattura: gli addebiti delle sessioni in base al numero di ore in cui SageMaker Canvas viene utilizzato o effettuato l'accesso e gli addebiti per l'addestramento del modello in base alle dimensioni del set di dati utilizzato per creare il modello. Per ulteriori informazioni, consultate la pagina dei prezzi di SageMaker Canvas."
In che modo posso creare una pipeline di integrazione e distribuzione continue (CI/CD) con Amazon SageMaker?,"Amazon SageMaker Pipelines ti aiuta a creare flussi di lavoro ML completamente automatizzati, dalla preparazione dei dati fino alla distribuzione dei modelli, in modo da poter scalare fino a migliaia di modelli ML in produzione. SageMaker Pipelines è dotato di un SDK Python che si connette ad Amazon SageMaker Studio in modo da poter sfruttare un'interfaccia visiva per creare ogni fase del flusso di lavoro. Quindi, utilizzando una singola API, puoi collegare ogni fase per creare un flusso di lavoro completo. SageMaker Pipelines si occupa di gestire i dati tra i passaggi, di impacchettare le ricette di codice e di orchestrarne l'esecuzione, riducendo mesi di codifica a poche ore. Ogni volta che viene eseguito un flusso di lavoro, viene conservato un registro completo dei dati elaborati e delle azioni intraprese, in modo che i data scientist e gli sviluppatori di ML possano rapidamente risolvere i problemi."
Come posso visualizzare tutti i miei modelli addestrati per scegliere il modello migliore da passare alla produzione?,"Amazon SageMaker Pipelines fornisce un archivio centrale di modelli addestrati chiamato registro dei modelli. Puoi scoprire i modelli e accedere visivamente al registro dei modelli tramite SageMaker Studio o programmaticamente tramite Python SDK, semplificando la scelta del modello desiderato da distribuire in produzione."
Quali componenti di Amazon SageMaker possono essere aggiunti ad Amazon SageMaker Pipelines?,"I componenti disponibili tramite Amazon SageMaker Studio, tra cui Amazon SageMaker Amazon Clarify, Amazon SageMaker Data Wrangler, Amazon SageMaker Feature Store, Amazon SageMaker Experiments, Amazon SageMaker Debugger e Amazon SageMaker Model Monitor, possono essere aggiunti a SageMaker Pipelines."
In che modo posso tenere traccia dei componenti del mio modello durante l'intero flusso di lavoro ML?,"Amazon SageMaker Pipelines tiene automaticamente traccia di tutti i componenti del modello e mantiene un audit trail di tutte le modifiche, eliminando così il tracciamento manuale e può aiutarti a raggiungere gli obiettivi di conformità. Puoi tenere traccia di dati, codice, modelli addestrati e altro ancora con SageMaker Pipelines."
Come funzionano i prezzi di Amazon SageMaker Pipelines?,Non sono previsti costi aggiuntivi per Amazon SageMaker Pipelines. Paghi solo per l'elaborazione sottostante o per eventuali servizi AWS separati utilizzati all'interno di SageMaker Pipelines.
Posso usare Kubeflow con Amazon SageMaker?,"Sì. I componenti Amazon SageMaker per Kubeflow Pipelines sono plugin open source che consentono di utilizzare Kubeflow Pipelines per definire i flussi di lavoro ML e di utilizzare SageMaker per le fasi di etichettatura, formazione e inferenza dei dati. Kubeflow Pipelines è un componente aggiuntivo di Kubeflow che consente di creare e distribuire pipeline ML end-to-end portatili e scalabili. Tuttavia, quando utilizzano Kubeflow Pipelines, i team operativi ML devono gestire un cluster Kubernetes con istanze CPU e GPU e mantenerne sempre elevato l'utilizzo per ridurre i costi operativi. Massimizzare l'utilizzo di un cluster tra i team di data science è una sfida e aggiunge un ulteriore sovraccarico operativo ai team operativi di ML. In alternativa a un cluster Kubernetes ottimizzato per ML, con SageMaker Components for Kubeflow Pipelines puoi sfruttare le potenti funzionalità di SageMaker come l'etichettatura dei dati, l'ottimizzazione degli iperparametri su larga scala completamente gestita e i processi di formazione distribuiti, l'implementazione di modelli sicuri e scalabili con un clic e la formazione conveniente tramite istanze Spot di Amazon EC2 senza dover configurare e gestire i cluster Kubernetes specificamente per eseguire i job ML."
Come funzionano i prezzi di Amazon SageMaker Components for Kubeflow Pipelines?,Non sono previsti costi aggiuntivi per l'utilizzo di Amazon SageMaker Components for Kubeflow Pipelines.
In che modo Amazon SageMaker può preparare i dati per il machine learning?,"Amazon SageMaker Data Wrangler riduce il tempo necessario per aggregare e preparare i dati per il ML. Da un'unica interfaccia in Amazon SageMaker Studio, puoi sfogliare e importare dati da Amazon S3, Amazon Athena, Amazon Redshift, AWS Lake Formation, Amazon SageMaker Feature Store e Snowflake in pochi clic. Puoi anche interrogare e importare dati trasferiti da oltre 40 fonti di dati e registrati in AWS Glue Data Catalog da Amazon AppFlow. SageMaker Data Wrangler caricherà, aggregherà e visualizzerà automaticamente i dati non elaborati. Dopo aver importato i dati in SageMaker Data Wrangler, è possibile visualizzare i riepiloghi delle colonne e gli istogrammi generati automaticamente. È quindi possibile approfondire la comprensione dei dati e identificare potenziali errori con il rapporto SageMaker Data Wrangler Data Quality and Insights, che fornisce statistiche riassuntive e avvisi sulla qualità dei dati. Puoi anche eseguire l'analisi delle distorsioni supportata da Amazon SageMaker Clarify direttamente da SageMaker Data Wrangler per rilevare potenziali distorsioni durante la preparazione dei dati. Da lì, puoi utilizzare le trasformazioni predefinite di SageMaker Data Wrangler per preparare i dati. Una volta preparati i dati, puoi creare flussi di lavoro ML completamente automatizzati con Amazon SageMaker Pipelines o importare tali dati in Amazon SageMaker Feature Store."
In che modo posso creare funzionalità del modello con Amazon SageMaker Data Wrangler?,"Senza scrivere una sola riga di codice, Amazon SageMaker Data Wrangler può trasformare automaticamente i dati in nuove funzionalità. SageMaker Data Wrangler offre una selezione di trasformazioni di dati preconfigurate, imputazione dei dati mancanti, codifica one-hot, riduzione della dimensionalità mediante analisi dei componenti principali (PCA) e trasformatori specifici per serie temporali. Ad esempio, è possibile convertire una colonna di campo di testo in una colonna numerica con un solo clic. È inoltre possibile creare un frammento di codice dalla libreria di frammenti di SageMaker Data Wrangler."
In che modo posso visualizzare i miei dati in Amazon SageMaker Data Wrangler?,"Amazon SageMaker Data Wrangler ti aiuta a comprendere i tuoi dati e a identificare potenziali errori e valori estremi con una serie di robusti modelli di visualizzazione preconfigurati. Gli istogrammi, i grafici a dispersione e le visualizzazioni specifiche per il ML, come il rilevamento delle fughe di obiettivi, sono tutti disponibili senza scrivere una sola riga di codice. Puoi anche creare e modificare le tue visualizzazioni."
Come funzionano i prezzi di Amazon SageMaker Data Wrangler?,"Paghi per tutte le risorse di calcolo, archiviazione ed elaborazione dati ML utilizzate per Amazon SageMaker Data Wrangler. Puoi consultare tutti i dettagli dei prezzi di SageMaker Data Wrangler qui. Come parte del piano gratuito di AWS, puoi anche iniziare a usare SageMaker Data Wrangler gratuitamente."
In che modo posso addestrare modelli di machine learning con dati preparati in Amazon SageMaker Data Wrangler?,"Amazon SageMaker Data Wrangler offre un'esperienza unificata che consente di preparare dati e addestrare senza problemi un modello di machine learning in Amazon SageMaker Autopilot. SageMaker Autopilot crea, addestra e ottimizza automaticamente i migliori modelli ML in base ai tuoi dati. Con SageMaker Autopilot, mantenete comunque il pieno controllo e la visibilità dei dati e del modello. È inoltre possibile utilizzare le funzionalità preparate in SageMaker Data Wrangler con i modelli esistenti. È possibile configurare i processi di elaborazione di Amazon SageMaker Data Wrangler in modo che vengano eseguiti come parte della pipeline di formazione di SageMaker configurando il lavoro nell'interfaccia utente (UI) o esportando un notebook con il codice di orchestrazione."
In che modo Amazon SageMaker Data Wrangler gestisce i nuovi dati dopo aver preparato le mie funzionalità su dati storici?,"Puoi configurare e avviare i processi di elaborazione di Amazon SageMaker direttamente dall'interfaccia utente di SageMaker Data Wrangler, inclusa la pianificazione del processo di elaborazione dei dati e la parametrizzazione delle fonti di dati per trasformare facilmente nuovi batch di dati su larga scala."
In che modo Amazon SageMaker Data Wrangler funziona con i miei processi CI/CD?,"Una volta preparati i dati, Amazon SageMaker Data Wrangler offre diverse opzioni per promuovere il flusso di SageMaker Data Wrangler alla produzione e si integra perfettamente con le funzionalità MLOP e CI/CD. È possibile configurare e avviare i processi di elaborazione di SageMaker direttamente dall'interfaccia utente di SageMaker Data Wrangler, inclusa la pianificazione del processo di elaborazione dei dati e la parametrizzazione delle fonti di dati per trasformare facilmente nuovi batch di dati su larga scala. In alternativa, SageMaker Data Wrangler si integra perfettamente con l'elaborazione SageMaker e il contenitore SageMaker Spark, consentendo di utilizzare facilmente gli SDK SageMaker per integrare SageMaker Data Wrangler nel flusso di lavoro di produzione."
Quale modello utilizza Amazon SageMaker Data Wrangler Quick Model?,"Con pochi clic di un pulsante, Amazon SageMaker Data Wrangler divide e addestra un modello XGBoost con iperparametri predefiniti. In base al tipo di problema, SageMaker Data Wrangler fornisce un riepilogo del modello, un riepilogo delle funzionalità e una matrice di confusione per fornire rapidamente informazioni dettagliate in modo da poter iterare sui flussi di preparazione dei dati."
Quali dimensioni sono supportate da Amazon SageMaker Data Wrangler?,"Amazon SageMaker Data Wrangler supporta varie tecniche di campionamento, come il campionamento Top-k, casuale e stratificato per l'importazione dei dati, in modo da poter trasformare rapidamente i dati utilizzando l'interfaccia utente di SageMaker Data Wrangler. Se si utilizzano set di dati di grandi o grandi dimensioni, è possibile aumentare la dimensione dell'istanza di SageMaker Data Wrangler per migliorare le prestazioni. Una volta creato il flusso, è possibile elaborare l'intero set di dati utilizzando i processi di elaborazione di SageMaker Data Wrangler."
Amazon SageMaker Data Wrangler funziona con Amazon SageMaker Feature Store?,Puoi configurare Amazon SageMaker Feature Store come destinazione per le funzionalità preparate in Amazon SageMaker Data Wrangler. Questa operazione può essere eseguita direttamente nell'interfaccia utente oppure puoi esportare un notebook generato appositamente per l'elaborazione dei dati con SageMaker Feature Store come destinazione.
Come posso archiviare le funzionalità per i miei modelli ML?,"Amazon SageMaker Feature Store fornisce un archivio centrale per le funzionalità di dati con lettura e scrittura a bassa latenza (millisecondi). Le funzionalità possono essere archiviate, recuperate, scoperte e condivise tramite SageMaker Feature Store per un facile riutilizzo tra modelli e team con accesso e controllo sicuri. SageMaker Feature Store supporta funzionalità online e offline generate tramite pipeline batch o di streaming. Supporta il backup delle funzionalità e fornisce negozi online e offline per mantenere la parità tra le funzionalità utilizzate nella formazione e nell'inferenza dei modelli."
Come posso mantenere la coerenza tra le funzionalità online e offline?,Amazon SageMaker Feature Store mantiene automaticamente la coerenza tra le funzionalità online e offline senza gestione o codice aggiuntivi. SageMaker Feature Store è completamente gestito e mantiene la coerenza tra gli ambienti di formazione e inferenza.
Come posso riprodurre una feature in un determinato momento?,Amazon SageMaker Feature Store mantiene i timestamp per tutte le funzionalità in ogni istante. Ciò consente di recuperare le funzionalità in qualsiasi momento per requisiti aziendali o di conformità. È possibile spiegare facilmente le caratteristiche del modello e i relativi valori da quando sono stati creati per la prima volta a oggi riproducendo il modello da un determinato momento.
Cosa sono le funzionalità offline?,Le funzionalità offline vengono utilizzate per la formazione perché è necessario accedere a volumi molto grandi per un lungo periodo di tempo. Queste funzionalità vengono fornite da un repository a throughput elevato e larghezza di banda elevata.
Cosa sono le funzionalità online?,Le funzionalità online vengono utilizzate nelle applicazioni necessarie per effettuare previsioni in tempo reale. Le funzionalità online vengono fornite da un repository ad alto rendimento con latenza a una cifra al millisecondo per previsioni rapide.
Come funzionano i prezzi per Amazon SageMaker Feature Store?,"Puoi iniziare a usare Amazon SageMaker Feature Store gratuitamente, come parte del piano gratuito di AWS. Con SageMaker Feature Store, paghi per la scrittura nel feature store e per la lettura e l'archiviazione dal feature store online. Per i dettagli sui prezzi, consultate la pagina dei prezzi di SageMaker."
Cosa offre Amazon SageMaker per l'etichettatura dei dati?,"Amazon SageMaker offre due offerte di etichettatura dei dati, Amazon SageMaker Ground Truth Plus e Amazon SageMaker Ground Truth. Entrambe le opzioni consentono di identificare i dati non elaborati, come immagini, file di testo e video, e di aggiungere etichette informative per creare set di dati di formazione di alta qualità per i tuoi modelli ML. Per saperne di più, visitate la pagina web di SageMaker Data Labeling."
Cosa sono i dati geospaziali?,"I dati geospaziali rappresentano caratteristiche o oggetti sulla superficie terrestre. Il primo tipo di dati geospaziali è costituito da dati vettoriali che utilizzano geometrie bidimensionali come punti, linee o poligoni per rappresentare oggetti come strade e confini terrestri. Il secondo tipo di dati geospaziali è costituito da dati raster come immagini acquisite da satelliti, piattaforme aeree o dati di telerilevamento. Questo tipo di dati utilizza una matrice di pixel per definire dove si trovano le feature. È possibile utilizzare formati raster per archiviare dati variabili. Un terzo tipo di dati geospaziali sono i dati sulla posizione con tag geografici. Include punti di interesse, ad esempio la Torre Eiffel, contrassegnati con la posizione, post sui social media, coordinate di latitudine e longitudine o diversi stili e formati di indirizzi stradali."
Cosa sono le funzionalità geospaziali di Amazon SageMaker?,"Le funzionalità geospaziali di Amazon SageMaker semplificano ai data scientist e agli ingegneri di machine learning (ML) la creazione, la formazione e l'implementazione di modelli ML per effettuare previsioni utilizzando dati geospaziali. Puoi importare i tuoi dati, ad esempio i dati satellitari di Planet Labs da Amazon S3, o acquisire dati da Open Data su AWS, Amazon Location Service e altre fonti di dati geospaziali di Amazon SageMaker."
Perché dovrei usare ML geospaziale su Amazon SageMaker?,"Puoi utilizzare le funzionalità geospaziali di Amazon SageMaker per fare previsioni sui dati geospaziali più velocemente rispetto alle soluzioni fai-da-te. Le funzionalità geospaziali di Amazon SageMaker semplificano l'accesso ai dati geospaziali dai data lake dei clienti esistenti, dai set di dati open source e da altre fonti di dati geospaziali di Amazon SageMaker. Le funzionalità geospaziali di Amazon SageMaker riducono al minimo la necessità di creare infrastrutture personalizzate e funzioni di preelaborazione dei dati offrendo algoritmi appositamente progettati per una preparazione efficiente dei dati, l'addestramento dei modelli e l'inferenza. Puoi anche creare e condividere visualizzazioni e dati personalizzati con la tua organizzazione da Amazon SageMaker Studio. Le funzionalità geospaziali di Amazon SageMaker includono modelli preformati per usi comuni nei settori agricolo, immobiliare, assicurativo e dei servizi finanziari."
Cosa sono i notebook Amazon SageMaker Studio?,"I notebook Amazon SageMaker Studio sono notebook Jupyter gestiti, collaborativi e ad avvio rapido. I notebook Amazon SageMaker Studio si integrano con strumenti ML appositamente progettati in SageMaker e altri servizi AWS per lo sviluppo completo di ML in Amazon SageMaker Studio, l'ambiente di sviluppo (IDE) completamente integrato per ML."
In che modo i notebook Amazon SageMaker Studio sono diversi dall'offerta di notebook basati su istanze?,"I notebook SageMaker Studio offrono alcune importanti funzionalità che li differenziano dai notebook basati su istanze. Con i notebook Studio, è possibile avviare rapidamente i notebook senza dover effettuare manualmente il provisioning di un'istanza e attendere che sia operativa. Il tempo di avvio dell'interfaccia utente per leggere ed eseguire un notebook è più rapido rispetto ai notebook basati su istanze. Inoltre, hai la flessibilità di scegliere in qualsiasi momento tra un'ampia gamma di tipi di istanze direttamente dall'interfaccia utente. Non è necessario accedere alla Console di gestione AWS per avviare nuove istanze e trasferire i notebook. Ogni utente dispone di una home directory isolata indipendente da una particolare istanza. Questa directory viene montata automaticamente in tutti i server e kernel dei notebook non appena vengono avviati, in modo da poter accedere ai notebook e agli altri file anche quando si cambia istanza per visualizzare ed eseguire i notebook. I notebook SageMaker Studio sono integrati con AWS IAM Identity Center (successore di AWS SSO), semplificando l'utilizzo delle credenziali organizzative per accedere ai notebook. La condivisione degli appunti è una funzionalità integrata nei taccuini di SageMaker Studio. È possibile condividere i taccuini con i colleghi con un solo clic o persino modificare contemporaneamente un singolo taccuino."
Come funzionano i notebook Amazon SageMaker Studio?,"I notebook Amazon SageMaker Studio sono taccuini Jupyter con un clic che possono essere ruotati rapidamente. Le risorse di calcolo sottostanti sono completamente elastiche, quindi puoi aumentare o diminuire facilmente le risorse disponibili e le modifiche avvengono automaticamente in background senza interrompere il lavoro. SageMaker consente anche la condivisione dei taccuini con un clic. Puoi condividere facilmente i taccuini con altri e loro avranno esattamente lo stesso taccuino, salvato nello stesso posto. Con i notebook SageMaker Studio puoi accedere con le tue credenziali aziendali utilizzando AWS IAM Identity Center (successore di AWS SSO). Condividere i notebook all'interno e tra i team è semplice, poiché le dipendenze necessarie per far funzionare un notebook vengono automaticamente tracciate in immagini di lavoro che vengono incapsulate nel notebook man mano che viene condiviso."
Cosa sono gli spazi condivisi in Amazon SageMaker?,"Gli esperti di machine learning possono creare uno spazio di lavoro condiviso in cui i membri del team possono leggere e modificare insieme i taccuini di Amazon SageMaker Studio. Utilizzando i ritmi condivisi, i membri del team possono modificare insieme lo stesso file del taccuino, eseguire contemporaneamente il codice del notebook e rivedere insieme i risultati per eliminare le interruzioni e semplificare la collaborazione. Negli spazi condivisi, i team di ML disporranno del supporto integrato per servizi come BitBucket e AWS CodeCommit, in modo da poter gestire facilmente diverse versioni del proprio notebook e confrontare le modifiche nel tempo. Tutte le risorse create all'interno dei notebook, come esperimenti e modelli ML, vengono salvate automaticamente e associate allo spazio di lavoro specifico in cui sono state create, in modo che i team possano organizzarsi più facilmente e accelerare lo sviluppo dei modelli ML."
In che modo i notebook Amazon SageMaker Studio funzionano con altri servizi AWS?,"I notebook Amazon SageMaker Studio consentono di accedere a tutte le funzionalità di SageMaker, come la formazione distribuita, la trasformazione in batch, l'hosting e la gestione degli esperimenti. Puoi accedere ad altri servizi come set di dati in Amazon S3, Amazon Redshift, AWS Glue, Amazon EMR o AWS Lake Formation dai notebook SageMaker."
Come funzionano i prezzi dei notebook Amazon SageMaker Studio?,"Quando utilizzi i notebook SageMaker Studio, paghi sia per l'elaborazione che per lo storage. Consulta i prezzi di Amazon SageMaker per gli addebiti in base al tipo di istanza di calcolo. I tuoi notebook e gli artefatti associati, come file di dati e script, vengono conservati in Amazon EFS. Consulta i prezzi di Amazon EFS per i costi di storage. Come parte del piano gratuito di AWS, puoi iniziare a usare i notebook Amazon SageMaker Studio gratuitamente."
Mi viene addebitato separatamente ogni notebook creato ed eseguito in SageMaker Studio?,"No. È possibile creare ed eseguire più notebook sulla stessa istanza di calcolo. Paghi solo per l'elaborazione che usi, non per i singoli elementi. Puoi leggere ulteriori informazioni in merito nella nostra guida alla misurazione. Oltre ai notebook, puoi anche avviare ed eseguire terminali e shell interattive in SageMaker Studio, tutti sulla stessa istanza di calcolo. Ogni applicazione viene eseguita all'interno di un contenitore o di un'immagine. SageMaker Studio fornisce diverse immagini integrate, create e preconfigurate appositamente per la scienza dei dati e l'apprendimento automatico. Puoi leggere ulteriori informazioni sull'ambiente di sviluppo SageMaker Studio nella guida all'uso dei notebook SageMaker Studio."
Come posso monitorare e chiudere le risorse utilizzate dai miei notebook?,È possibile monitorare e chiudere le risorse utilizzate dai notebook SageMaker Studio tramite l'interfaccia visiva di SageMaker Studio e la Console di gestione AWS. Consulta la documentazione per maggiori dettagli.
"Sto usando un notebook SageMaker Studio. Mi verrà comunque addebitato il costo se chiudo il browser, chiudo la scheda notebook o lascio semplicemente il browser aperto?","Sì, continuerai a essere addebitato il costo del calcolo. È simile all'avvio delle istanze Amazon EC2 nella Console di gestione AWS e alla successiva chiusura del browser. Le istanze Amazon EC2 sono ancora in esecuzione e dovrai comunque sostenere dei costi a meno che tu non chiuda esplicitamente l'istanza."
Mi viene addebitato un costo per la creazione e la configurazione di un dominio Amazon SageMaker Studio?,"No, non ti viene addebitato alcun costo per la creazione o la configurazione di un dominio Amazon SageMaker Studio, inclusi l'aggiunta, l'aggiornamento e l'eliminazione dei profili utente."
Come posso visualizzare i costi dettagliati per i notebook Amazon SageMaker Studio o altri servizi Amazon SageMaker?,"In qualità di amministratore, puoi visualizzare l'elenco dettagliato dei costi per Amazon SageMaker, incluso SageMaker Studio, nella console di fatturazione AWS. Dalla Console di gestione AWS per SageMaker, scegli Servizi nel menu in alto, digita «billing» nella casella di ricerca e seleziona Billing dal menu a discesa, quindi seleziona Fatture nel pannello di sinistra. Nella sezione Dettagli, puoi fare clic su SageMaker per espandere l'elenco delle regioni e visualizzare i costi dettagliati."
Cos'è Amazon SageMaker Studio Lab?,"Amazon SageMaker Studio Lab è un ambiente di sviluppo ML gratuito che fornisce elaborazione, storage (fino a 15 GB) e sicurezza, il tutto gratuitamente, per consentire a chiunque voglia imparare e sperimentare con il machine learning. Tutto ciò di cui hai bisogno per iniziare è un ID e-mail valido; non devi configurare l'infrastruttura o gestire l'identità e l'accesso o addirittura registrarti per un account AWS. SageMaker Studio Lab accelera la creazione di modelli tramite l'integrazione con GitHub ed è preconfigurato con gli strumenti, i framework e le librerie di apprendimento automatico più diffusi per iniziare immediatamente. SageMaker Studio Lab salva automaticamente il lavoro in modo da non dover riavviare tra una sessione e l'altra. È facile: basta chiudere il laptop e riprenderlo più tardi."
Perché dovrei usare Amazon SageMaker Studio Lab?,"Amazon SageMaker Studio Lab è destinato a studenti, ricercatori e data scientist che necessitano di un ambiente di sviluppo gratuito per notebook senza necessità di configurazione per le lezioni e gli esperimenti di apprendimento automatico. SageMaker Studio Lab è ideale per gli utenti che non necessitano di un ambiente di produzione ma desiderano comunque un sottoinsieme delle funzionalità di SageMaker per migliorare le proprie competenze di apprendimento automatico. Le sessioni di SageMaker vengono salvate automaticamente, consentendo agli utenti di riprendere da dove erano state interrotte per ogni sessione utente."
In che modo Amazon SageMaker Studio Lab funziona con altri servizi AWS?,"Amazon SageMaker Studio Lab è un servizio basato su AWS e utilizza molti degli stessi servizi di base di Amazon SageMaker Studio, come Amazon S3 e Amazon EC2. A differenza degli altri servizi, i clienti non avranno bisogno di un account AWS. Creeranno invece un account specifico per Amazon SageMaker Studio Lab con un indirizzo e-mail. Ciò consentirà all'utente di accedere a un ambiente limitato (15 GB di spazio di archiviazione e sessioni di 12 ore) per l'esecuzione dei notebook ML."
Cos'è Amazon SageMaker Canvas?,"Amazon SageMaker Canvas è un servizio visivo drag-and-drop che consente agli analisti aziendali di creare modelli di apprendimento automatico e generare previsioni accurate senza scrivere alcun codice o richiedere competenze in materia. SageMaker Canvas semplifica l'accesso e la combinazione di dati provenienti da una varietà di fonti, la pulizia automatica dei dati e l'applicazione di una serie di regolazioni dei dati e la creazione di modelli ML per generare previsioni accurate con un solo clic. È inoltre possibile pubblicare facilmente i risultati, spiegare e interpretare i modelli e condividerli con altri utenti all'interno dell'organizzazione per esaminarli."
Quali fonti di dati supporta Amazon SageMaker Canvas?,"Amazon SageMaker Canvas ti consente di scoprire facilmente le fonti di dati AWS a cui il tuo account ha accesso, tra cui Amazon S3 e Amazon Redshift. È possibile sfogliare e importare i dati utilizzando l'interfaccia visiva drag-and-drop di SageMaker Canvas. Inoltre, è possibile trascinare i file dal disco locale e utilizzare connettori predefiniti per importare dati da fonti di terze parti come Snowflake."
In che modo posso creare un modello ML per generare previsioni accurate in Amazon SageMaker Canvas?,"Dopo aver collegato le fonti, selezionato un set di dati e preparato i dati, puoi selezionare la colonna di destinazione che desideri prevedere per avviare un processo di creazione del modello. Amazon SageMaker Canvas identificherà automaticamente il tipo di problema, genererà nuove funzionalità pertinenti, testerà una serie completa di modelli di previsione utilizzando tecniche di apprendimento automatico come regressione lineare, regressione logistica, deep learning, previsione di serie temporali e aumento del gradiente e creerà il modello che effettua previsioni accurate in base al set di dati."
Quanto tempo è necessario per creare un modello in Amazon SageMaker Canvas? Come posso monitorare i progressi durante la creazione del modello?,"Il tempo necessario per creare un modello dipende dalla dimensione del set di dati. I set di dati di piccole dimensioni possono richiedere meno di 30 minuti e i set di dati di grandi dimensioni possono richiedere alcune ore. Man mano che il processo di creazione del modello procede, Amazon SageMaker Canvas fornisce aggiornamenti visivi dettagliati, tra cui la percentuale di completamento del lavoro e il tempo rimanente per il completamento del lavoro."
Che cos'è Amazon SageMaker Experiments?,"Amazon SageMaker Experiments ti aiuta a organizzare e tenere traccia delle iterazioni sui modelli ML. SageMaker Experiments ti aiuta a gestire le iterazioni acquisendo automaticamente i parametri di input, le configurazioni e i risultati e memorizzandoli come «esperimenti». Puoi lavorare all'interno dell'interfaccia visiva di Amazon SageMaker Studio, dove puoi sfogliare gli esperimenti attivi, cercare gli esperimenti precedenti in base alle loro caratteristiche, esaminare gli esperimenti precedenti con i relativi risultati e confrontare visivamente i risultati degli esperimenti."
Cos'è Amazon SageMaker Debugger?,"Amazon SageMaker Debugger acquisisce automaticamente metriche in tempo reale durante l'addestramento, come matrici di confusione e gradienti di apprendimento, per contribuire a migliorare la precisione del modello. Le metriche di SageMaker Debugger possono essere visualizzate in Amazon SageMaker Studio per una facile comprensione. SageMaker Debugger può anche generare avvisi e consigli di correzione quando vengono rilevati problemi di addestramento comuni. SageMaker Debugger inoltre monitora e profila automaticamente le risorse di sistema come CPU, GPU, rete e memoria in tempo reale e fornisce consigli sulla riallocazione di queste risorse. Ciò consente di utilizzare le risorse in modo efficiente durante la formazione e aiuta a ridurre costi e risorse."
Amazon SageMaker supporta la formazione distribuita?,"Sì. Amazon SageMaker è in grado di distribuire automaticamente modelli di deep learning e set di formazione di grandi dimensioni su istanze GPU AWS in una frazione del tempo necessario per creare e ottimizzare manualmente queste strategie di distribuzione. Le due tecniche di addestramento distribuito applicate da SageMaker sono il parallelismo dei dati e il parallelismo dei modelli. Il parallelismo dei dati viene applicato per migliorare la velocità di addestramento dividendo i dati equamente su più istanze GPU, consentendo a ciascuna istanza di allenarsi contemporaneamente. Il parallelismo dei modelli è utile per i modelli troppo grandi per essere archiviati su una singola GPU e richiedono che il modello sia partizionato in parti più piccole prima della distribuzione su più GPU. Con solo poche righe di codice aggiuntivo negli script di addestramento PyTorch e TensorFlow, SageMaker applicherà automaticamente il parallelismo dei dati o il parallelismo dei modelli per voi, consentendovi di sviluppare e distribuire i modelli più velocemente. SageMaker determinerà l'approccio migliore per suddividere il modello utilizzando algoritmi di partizionamento grafico per bilanciare il calcolo di ciascuna GPU riducendo al minimo la comunicazione tra le istanze della GPU. SageMaker ottimizza inoltre i processi di formazione distribuiti tramite algoritmi che utilizzano appieno il calcolo e la rete AWS per ottenere un'efficienza di scalabilità quasi lineare, che consente di completare la formazione più rapidamente rispetto alle implementazioni manuali open source."
Cos'è Amazon SageMaker Training Compiler?,"Amazon SageMaker Training Compiler è un compilatore di deep learning (DL) che accelera l'addestramento dei modelli DL fino al 50% tramite ottimizzazioni a livello di grafico e kernel per utilizzare le GPU in modo più efficiente. SageMaker Training Compiler è integrato con le versioni di TensorFlow e PyTorch di SageMaker, quindi puoi velocizzare la formazione in questi framework popolari con modifiche minime al codice."
Come funziona Amazon SageMaker Training Compiler?,"Amazon SageMaker Training Compiler accelera i processi di formazione convertendo i modelli DL dalla loro rappresentazione linguistica di alto livello in istruzioni ottimizzate per l'hardware che vengono addestrate più rapidamente rispetto ai lavori con i framework nativi. Più specificamente, SageMaker Training Compiler utilizza l'ottimizzazione a livello di grafico (fusione degli operatori, pianificazione della memoria e semplificazione algebrica), ottimizzazioni a livello di flusso di dati (trasformazione del layout, eliminazione delle sottoespressioni comuni) e ottimizzazioni del backend (latenza della memoria nascosta, ottimizzazioni orientate ai loop) per produrre un processo di addestramento dei modelli ottimizzato che utilizzi in modo più efficiente le risorse hardware e, di conseguenza, si formi più velocemente."
In che modo posso usare Amazon SageMaker Training Compiler?,"Amazon SageMaker Training Compiler è integrato nei contenitori SageMaker Python SDK e SageMaker Hugging Face Deep Learning. Non è necessario modificare i flussi di lavoro per accedere ai vantaggi della velocizzazione. Puoi eseguire i lavori di formazione nello stesso modo in cui lo fai già, utilizzando una qualsiasi delle interfacce SageMaker: istanze per notebook Amazon SageMaker, Amazon SageMaker Studio, AWS SDK per Python (Boto3) e AWS Command Line Interface. Puoi abilitare SageMaker Training Compiler aggiungendo una classe TrainingCompilerConfig come parametro quando crei un oggetto stimator del framework. In pratica, ciò significa aggiungere un paio di righe di codice allo script del processo di formazione esistente per una singola istanza GPU. La documentazione dettagliata più aggiornata, i taccuini di esempio e gli esempi sono disponibili nella documentazione."
Qual è il prezzo di Amazon SageMaker Training Compiler?,Training Compiler è una funzionalità di formazione di SageMaker e viene fornito senza costi aggiuntivi esclusivamente ai clienti SageMaker. I clienti possono effettivamente ridurre i costi con Training Compiler grazie alla riduzione dei tempi di formazione.
Che cos'è il Managed Spot Training?,"Managed Spot Training con Amazon SageMaker consente di addestrare i modelli ML utilizzando le istanze Spot di Amazon EC2, riducendo al contempo i costi di formazione dei modelli fino al 90%."
Come posso utilizzare Managed Spot Training?,"Attivi l'opzione Managed Spot Training quando invii i tuoi lavori di formazione e specifichi anche quanto tempo desideri attendere per la capacità di Spot. Amazon SageMaker utilizzerà quindi le istanze Spot di Amazon EC2 per eseguire il lavoro e gestire la capacità Spot. Avrai piena visibilità sullo stato dei tuoi processi di formazione, sia mentre sono in esecuzione che in attesa di esaurimento della capacità."
Quando devo usare Managed Spot Training?,"Managed Spot Training è ideale quando si dispone di flessibilità nelle sessioni di allenamento e quando si desidera ridurre al minimo il costo dei lavori di formazione. Con Managed Spot Training, puoi ridurre i costi di formazione dei tuoi modelli ML fino al 90%."
Come funziona Managed Spot Training?,"Managed Spot Training utilizza le istanze Spot di Amazon EC2 per la formazione e queste istanze possono essere preventivate quando AWS ha bisogno di capacità. Di conseguenza, i processi di Managed Spot Training possono essere eseguiti con piccoli incrementi man mano che la capacità diventa disponibile. I processi di formazione non devono essere riavviati da zero in caso di interruzione, poiché Amazon SageMaker può riprenderli utilizzando il checkpoint del modello più recente. I framework integrati e gli algoritmi di visione artificiale integrati con SageMaker consentono checkpoint periodici ed è possibile abilitare i checkpoint con modelli personalizzati."
Devo effettuare periodicamente il checkpoint con Managed Spot Training?,"Consigliamo i controlli periodici come best practice generale per i lavori di formazione di lunga durata. Ciò impedisce il riavvio dei lavori di Managed Spot Training in caso di esaurimento della capacità. Quando abiliti i checkpoint, Amazon SageMaker riprende i lavori di Managed Spot Training dall'ultimo checkpoint."
Come si calcolano i risparmi sui costi con le offerte di lavoro di Managed Spot Training?,"Una volta completato un lavoro di Managed Spot Training, puoi visualizzare i risparmi nella Console di gestione AWS e calcolare i risparmi sui costi sotto forma di differenza percentuale tra la durata di esecuzione del lavoro di formazione e la durata per la quale ti è stata fatturata. Indipendentemente dal numero di volte in cui i processi di Managed Spot Training vengono interrotti, ti verrà addebitato solo una volta per la durata del download dei dati."
Quali istanze posso utilizzare con Managed Spot Training?,Managed Spot Training può essere utilizzato con tutte le istanze supportate in Amazon SageMaker.
Quali regioni AWS sono supportate con Managed Spot Training?,Managed Spot Training è supportato in tutte le regioni AWS in cui Amazon SageMaker è attualmente disponibile.
Esistono limiti alla dimensione del set di dati che posso utilizzare per la formazione?,Non ci sono limiti fissi alla dimensione del set di dati che puoi utilizzare per i modelli di formazione con Amazon SageMaker.
Quali algoritmi utilizza Amazon SageMaker per generare modelli?,"Amazon SageMaker include algoritmi integrati per la regressione lineare, la regressione logistica, il clustering k-means, l'analisi dei componenti principali, le macchine di fattorizzazione, la modellazione di argomenti neurali, l'allocazione dirichlet latente, gli alberi potenziati dal gradiente, sequence2sequence, previsione delle serie temporali, word2vec e classificazione delle immagini. SageMaker fornisce anche contenitori ottimizzati per Apache MXNet, Tensorflow, Chainer, PyTorch, Gluon, Keras, Horovod, Scikit-learn e Deep Graph Library. Inoltre, Amazon SageMaker supporta gli algoritmi di addestramento personalizzati forniti tramite un'immagine Docker conforme alle specifiche documentate."
Che cos'è l'ottimizzazione automatica dei modelli?,La maggior parte degli algoritmi di apprendimento automatico presenta una serie di parametri che controllano il funzionamento dell'algoritmo sottostante. Questi parametri vengono generalmente definiti iperparametri e i loro valori influiscono sulla qualità dei modelli addestrati. L'ottimizzazione automatica dei modelli è il processo di ricerca di una serie di iperparametri per un algoritmo in grado di produrre un modello ottimale.
Quali modelli possono essere ottimizzati con Automatic Model Tuning?,"Puoi eseguire l'ottimizzazione automatica dei modelli in Amazon SageMaker su qualsiasi algoritmo, purché sia scientificamente fattibile, inclusi algoritmi SageMaker integrati, reti neurali profonde o algoritmi arbitrari forniti a SageMaker sotto forma di immagini Docker."
Posso utilizzare l'ottimizzazione automatica dei modelli al di fuori di Amazon SageMaker?,Non in questo momento. Le migliori prestazioni ed esperienza di ottimizzazione dei modelli si trovano in Amazon SageMaker.
Qual è l'algoritmo di ottimizzazione sottostante per l'ottimizzazione automatica dei modelli?,"Attualmente, l'algoritmo per l'ottimizzazione degli iperparametri è un'implementazione personalizzata dell'ottimizzazione bayesiana. Mira a ottimizzare una metrica oggettiva specificata dal cliente durante tutto il processo di ottimizzazione. In particolare, controlla la metrica oggettiva dei lavori di formazione completati e utilizza le conoscenze per dedurre la combinazione di iperparametri per il lavoro di formazione successivo."
Automatic Model Tuning consiglia iperparametri specifici per l'ottimizzazione?,"No. L'impatto di determinati iperparametri sulle prestazioni del modello dipende da vari fattori ed è difficile affermare con certezza che un iperparametro sia più importante degli altri e debba quindi essere ottimizzato. Per gli algoritmi integrati in Amazon SageMaker, stabiliamo se un iperparametro è ottimizzabile o meno."
Quanto dura un processo di ottimizzazione degli iperparametri?,"La durata di un processo di ottimizzazione degli iperparametri dipende da diversi fattori, tra cui la dimensione dei dati, l'algoritmo sottostante e i valori degli iperparametri. Inoltre, i clienti possono scegliere il numero di lavori di formazione simultanei e il numero totale di lavori di formazione. Tutte queste scelte influiscono sulla durata di un processo di ottimizzazione degli iperparametri."
"Posso ottimizzare più obiettivi contemporaneamente, ad esempio ottimizzando un modello in modo che sia veloce e preciso?","Non in questo momento. Attualmente, è necessario specificare una singola metrica oggettiva per ottimizzare o modificare il codice dell'algoritmo in modo da generare una nuova metrica, che è una media ponderata tra due o più metriche utili, e fare in modo che il processo di ottimizzazione sia ottimizzato in base a tale metrica oggettiva."
Quanto costa l'ottimizzazione automatica dei modelli?,"Non è previsto alcun costo per un processo di ottimizzazione degli iperparametri in sé. Ti verranno addebitati i costi dei processi di formazione avviati dal processo di ottimizzazione degli iperparametri, in base ai prezzi di formazione del modello."
In che modo posso decidere di utilizzare Amazon SageMaker Autopilot o Automatic Model Tuning?,"Amazon SageMaker Autopilot automatizza tutto in un tipico flusso di lavoro ML, tra cui la preelaborazione delle funzionalità, la selezione degli algoritmi e l'ottimizzazione degli iperparametri, concentrandosi in particolare sui casi d'uso di classificazione e regressione. L'ottimizzazione automatica dei modelli, invece, è progettata per ottimizzare qualsiasi modello, indipendentemente dal fatto che sia basato su algoritmi integrati, framework di deep learning o contenitori personalizzati. In cambio della flessibilità, devi scegliere manualmente l'algoritmo specifico, gli iperparametri da ottimizzare e gli intervalli di ricerca corrispondenti."
Che cos'è l'apprendimento per rinforzo?,L'apprendimento per rinforzo è una tecnica di apprendimento automatico che consente a un agente di apprendere in un ambiente interattivo per tentativi ed errori utilizzando il feedback derivante dalle proprie azioni ed esperienze.
Posso addestrare modelli di apprendimento per rinforzo in Amazon SageMaker?,"Sì, puoi addestrare modelli di apprendimento per rinforzo in Amazon SageMaker oltre ai modelli di apprendimento supervisionati e non supervisionati."
In che modo l'apprendimento per rinforzo è diverso dall'apprendimento supervisionato?,"Sebbene sia l'apprendimento supervisionato che quello per rinforzo utilizzino la mappatura tra input e output, a differenza dell'apprendimento supervisionato in cui il feedback fornito all'agente è l'insieme corretto di azioni per eseguire un'attività, l'apprendimento per rinforzo utilizza un feedback ritardato in cui i segnali di ricompensa sono ottimizzati per garantire un obiettivo a lungo termine attraverso una sequenza di azioni."
Quando devo utilizzare l'apprendimento per rinforzo?,"Mentre l'obiettivo delle tecniche di apprendimento supervisionato è trovare la risposta giusta in base ai modelli nei dati di addestramento, l'obiettivo delle tecniche di apprendimento non supervisionato è trovare somiglianze e differenze tra i punti dati. Al contrario, l'obiettivo delle tecniche di apprendimento per rinforzo (RL) è imparare a raggiungere un risultato desiderato anche quando non è chiaro come ottenerlo. Di conseguenza, RL è più adatto a consentire applicazioni intelligenti in cui un agente può prendere decisioni autonome come robotica, veicoli autonomi, HVAC, controllo industriale e altro ancora."
Che tipo di ambienti posso utilizzare per addestrare i modelli RL?,"Amazon SageMaker RL supporta diversi ambienti per la formazione dei modelli RL. Puoi utilizzare servizi AWS come AWS RoboMaker, ambienti open source o ambienti personalizzati sviluppati utilizzando interfacce Open AI Gym o ambienti di simulazione commerciali come MATLAB e Simulink."
Devo scrivere i miei algoritmi di agente RL per addestrare i modelli RL?,"No, Amazon SageMaker RL include toolkit RL come Coach e Ray RLLib che offrono implementazioni di algoritmi di agenti RL come DQN, PPO, A3C e molti altri."
Posso utilizzare le mie librerie RL e l'implementazione degli algoritmi ed eseguirle in Amazon SageMaker RL?,"Sì, puoi inserire le tue librerie RL e le implementazioni di algoritmi in Docker Containers ed eseguirle in Amazon SageMaker RL."
Posso eseguire implementazioni distribuite utilizzando Amazon SageMaker RL?,Sì. Puoi anche selezionare un cluster eterogeneo in cui il training può essere eseguito su un'istanza GPU e le simulazioni possono essere eseguite su più istanze di CPU.
Quali opzioni di distribuzione offre Amazon SageMaker?,"Dopo aver creato e addestrato i modelli, Amazon SageMaker offre tre opzioni per distribuirli in modo da poter iniziare a fare previsioni. L'inferenza in tempo reale è adatta per carichi di lavoro con requisiti di latenza in millisecondi, dimensioni dei payload fino a 6 MB e tempi di elaborazione fino a 60 secondi. La trasformazione in batch è ideale per le previsioni offline su grandi batch di dati disponibili in anticipo. L'inferenza asincrona è progettata per carichi di lavoro che non hanno requisiti di latenza inferiori al secondo, dimensioni dei payload fino a 1 GB e tempi di elaborazione fino a 15 minuti."
Cos'è l'inferenza asincrona di Amazon SageMaker?,"Amazon SageMaker Asynchronous Inference mette in coda le richieste in entrata e le elabora in modo asincrono. Questa opzione è ideale per le richieste con payload di grandi dimensioni e/o tempi di elaborazione lunghi che devono essere elaborate non appena arrivano. Facoltativamente, è possibile configurare le impostazioni di scalabilità automatica per ridurre a zero il numero di istanze quando non si elaborano attivamente le richieste per risparmiare sui costi."
In che modo posso configurare le impostazioni di ridimensionamento automatico per ridurre a zero il numero di istanze quando non elaboro attivamente le richieste?,"Puoi ridurre a zero il numero di istanze dell'endpoint di Amazon SageMaker Asynchronous Inference per risparmiare sui costi quando non stai elaborando attivamente le richieste. È necessario definire una politica di scalabilità che si adatti alla metrica personalizzata «approximateBacklogPerInstance» e impostare il valore «minCapacity» su zero. Per istruzioni dettagliate, consulta la sezione Scalabilità automatica di un endpoint asincrono della guida per gli sviluppatori."
Cos'è Amazon SageMaker Serverless Inference?,"Amazon SageMaker Serverless Inference è un'opzione di servizio di modelli serverless creata appositamente che semplifica la distribuzione e la scalabilità dei modelli ML. Gli endpoint SageMaker Serverless Inference avviano automaticamente le risorse di calcolo e le scalano in avanti e indietro in base al traffico, eliminando la necessità di scegliere il tipo di istanza, eseguire la capacità assegnata o gestire la scalabilità. Facoltativamente, è possibile specificare i requisiti di memoria per l'endpoint di inferenza serverless. I costi sono calcolati solo in base alla durata dell'esecuzione del codice di inferenza e alla quantità di dati elaborati, non per i periodi di inattività."
Perché dovrei usare Amazon SageMaker Serverless Inference?,"Amazon SageMaker Serverless Inference semplifica l'esperienza degli sviluppatori eliminando la necessità di fornire capacità in anticipo e gestire le politiche di scalabilità. SageMaker Serverless Inference è in grado di scalare istantaneamente da decine a migliaia di inferenze in pochi secondi in base ai modelli di utilizzo, rendendolo ideale per le applicazioni ML con traffico intermittente o imprevedibile. Ad esempio, un servizio di chatbot utilizzato da una società di elaborazione delle buste paga registra un aumento delle richieste alla fine del mese, mentre nel resto del mese il traffico è intermittente. Il provisioning delle istanze per l'intero mese in questi scenari non è conveniente, in quanto si finisce per pagare per i periodi di inattività. SageMaker Serverless Inference aiuta a risolvere questi tipi di casi d'uso fornendo una scalabilità automatica e rapida fin dall'inizio senza la necessità di prevedere preventivamente il traffico o gestire le politiche di scalabilità. Inoltre, pagate solo per il tempo di elaborazione necessario per eseguire il codice di inferenza (fatturato in millisecondi) e per l'elaborazione dei dati, il che la rende un'opzione conveniente per i carichi di lavoro con traffico intermittente."
Che cos'è lo shadow test di Amazon SageMaker?,"SageMaker consente di eseguire test shadow per valutare un nuovo modello ML prima del rilascio di produzione testandone le prestazioni rispetto al modello attualmente distribuito. SageMaker implementa il nuovo modello in modalità ombra insieme al modello di produzione corrente e rispecchia una parte del traffico di produzione specificata dall'utente nel nuovo modello. Facoltativamente registra le inferenze del modello per il confronto offline. Fornisce inoltre una dashboard live con un confronto delle principali metriche prestazionali, come la latenza e il tasso di errore, tra i modelli di produzione e quelli ombra per aiutarvi a decidere se promuovere il nuovo modello in produzione."
Perché dovrei usare SageMaker per il test delle ombre?,"SageMaker semplifica il processo di configurazione e monitoraggio delle varianti shadow in modo da poter valutare le prestazioni del nuovo modello ML sul traffico di produzione in tempo reale. SageMaker elimina la necessità di orchestrare l'infrastruttura per i test delle ombre. Consente di controllare i parametri di test come la percentuale di traffico riflessa nella variante shadow e la durata del test. Di conseguenza, potete iniziare in piccolo e aumentare le richieste di inferenza al nuovo modello dopo aver acquisito fiducia nelle prestazioni del modello. SageMaker crea una dashboard live che mostra le differenze di prestazioni tra le metriche chiave, in modo da poter confrontare facilmente le prestazioni del modello per valutare in che modo il nuovo modello differisce dal modello di produzione."
Cos'è Amazon SageMaker Inference Recommender?,"Amazon SageMaker Inference Recommender è una nuova funzionalità di Amazon SageMaker che riduce il tempo necessario per mettere in produzione i modelli ML automatizzando il benchmarking delle prestazioni e ottimizzando le prestazioni dei modelli tra le istanze ML di SageMaker. Ora puoi utilizzare SageMaker Inference Recommender per distribuire il tuo modello su un endpoint che offre le migliori prestazioni e riduce al minimo i costi. Potete iniziare a usare SageMaker Inference Recommender in pochi minuti selezionando un tipo di istanza e ottenere consigli per configurazioni ottimali degli endpoint nel giro di poche ore, eliminando settimane di test manuali e tempi di ottimizzazione. Con SageMaker Inference Recommender, pagate solo per le istanze ML di SageMaker utilizzate durante i test di carico e non sono previsti costi aggiuntivi."
Perché dovrei usare Amazon SageMaker Inference Recommender?,"È consigliabile utilizzare SageMaker Inference Recommender se sono necessari consigli per la corretta configurazione degli endpoint per migliorare le prestazioni e ridurre i costi. In precedenza, i data scientist che volevano implementare i propri modelli dovevano eseguire benchmark manuali per selezionare la configurazione degli endpoint corretta. Dovevano innanzitutto selezionare il tipo di istanza ML giusto tra gli oltre 70 tipi di istanza disponibili in base ai requisiti di risorse dei modelli e ai payload di esempio, quindi ottimizzare il modello per tenere conto dei diversi hardware. Quindi, hanno dovuto condurre test di carico approfonditi per convalidare che i requisiti di latenza e throughput fossero soddisfatti e che i costi fossero bassi. SageMaker Inference Recommender elimina questa complessità semplificando: 1) iniziare in pochi minuti con una raccomandazione di istanza; 2) eseguire test di carico su diversi tipi di istanza per ottenere consigli sulla configurazione degli endpoint entro poche ore; 3) ottimizzare automaticamente i parametri del container e del server modello ed eseguire ottimizzazioni del modello per un determinato tipo di istanza."
In che modo Amazon SageMaker Inference Recommender funziona con altri servizi AWS?,"I data scientist possono accedere ad Amazon SageMaker Inference Recommender da SageMaker Studio, AWS SDK per Python (Boto3) o AWS CLI. Possono ottenere consigli sull'implementazione all'interno di SageMaker Studio nel registro dei modelli SageMaker per le versioni dei modelli registrate. I data scientist possono cercare e filtrare i consigli tramite SageMaker Studio, AWS SDK o AWS CLI."
Amazon SageMaker Inference Recommender può supportare endpoint multimodello o endpoint multi-container?,"No, attualmente supportiamo un solo modello per endpoint."
Che tipo di endpoint supporta SageMaker Inference Recommender?,Attualmente supportiamo solo endpoint in tempo reale.
Posso usare SageMaker Inference Recommender in una regione e fare benchmark in diverse regioni?,"Al momento del lancio, supporteremo tutte le regioni supportate da Amazon SageMaker, ad eccezione delle regioni AWS in Cina."
Amazon SageMaker Inference Recommender supporta le istanze Amazon EC2 Inf1?,"Sì, supportiamo tutti i tipi di contenitori. Amazon EC2 Inf1, basato sul chip AWS Inferentia, richiede un artefatto del modello compilato utilizzando il compilatore Neuron o Amazon SageMaker Neo. Una volta compilato un modello per un target Inferentia e l'URI dell'immagine del contenitore associato, puoi utilizzare Amazon SageMaker Inference Recommender per confrontare diversi tipi di istanze Inferentia."
Cos'è Amazon SageMaker Model Monitor?,"Amazon SageMaker Model Monitor consente agli sviluppatori di rilevare e correggere le deviazioni concettuali. SageMaker Model Monitor rileva automaticamente le deviazioni concettuali nei modelli distribuiti e fornisce avvisi dettagliati che aiutano a identificare l'origine del problema. Tutti i modelli addestrati in SageMaker emettono automaticamente metriche chiave che possono essere raccolte e visualizzate in Amazon SageMaker Studio. Dall'interno di SageMaker Studio, puoi configurare i dati da raccogliere, come visualizzarli e quando ricevere gli avvisi."
Posso accedere all'infrastruttura su cui funziona Amazon SageMaker?,"No. Amazon SageMaker gestisce l'infrastruttura di elaborazione per tuo conto, consentendole di eseguire controlli di integrità, applicare patch di sicurezza ed eseguire altre operazioni di manutenzione ordinaria. Puoi anche distribuire gli artefatti del modello provenienti dal training con codice di inferenza personalizzato nel tuo ambiente di hosting."
Come posso scalare le dimensioni e le prestazioni di un modello Amazon SageMaker una volta in produzione?,"L'hosting di Amazon SageMaker si ridimensiona automaticamente in base alle prestazioni necessarie per l'applicazione utilizzando Application Auto Scaling. Inoltre, puoi modificare manualmente il numero e il tipo di istanza senza incorrere in tempi di inattività modificando la configurazione dell'endpoint."
Come posso monitorare il mio ambiente di produzione Amazon SageMaker?,"Amazon SageMaker invia metriche sulle prestazioni ad Amazon CloudWatch Metrics in modo da poter tenere traccia delle metriche, impostare allarmi e reagire automaticamente alle variazioni del traffico di produzione. Inoltre, Amazon SageMaker scrive i log su Amazon CloudWatch Logs per consentirti di monitorare e risolvere i problemi del tuo ambiente di produzione."
Quali tipi di modelli possono essere ospitati con Amazon SageMaker?,Amazon SageMaker può ospitare qualsiasi modello che rispetti le specifiche documentate per le immagini Docker di inferenza. Ciò include modelli creati a partire dagli artefatti del modello Amazon SageMaker e dal codice di inferenza.
Quante richieste API simultanee in tempo reale supporta Amazon SageMaker?,Amazon SageMaker è progettato per adattarsi a un numero elevato di transazioni al secondo. Il numero preciso varia in base al modello distribuito e al numero e al tipo di istanze in cui viene distribuito il modello.
Che cos'è Batch Transform?,"Batch Transform consente di eseguire previsioni su dati batch di grandi o piccole dimensioni. Non è necessario suddividere il set di dati in più blocchi o gestire gli endpoint in tempo reale. Con una semplice API, puoi richiedere previsioni per un gran numero di record di dati e trasformare i dati in modo rapido e semplice."
Cos'è Amazon SageMaker Edge Manager?,"Amazon SageMaker Edge Manager semplifica l'ottimizzazione, la protezione, il monitoraggio e la manutenzione dei modelli ML su flotte di dispositivi periferici come fotocamere intelligenti, robot, personal computer e dispositivi mobili. SageMaker Edge Manager aiuta gli sviluppatori di ML a gestire modelli ML su una varietà di dispositivi periferici su larga scala."
Come posso iniziare a usare Amazon SageMaker Edge Manager?,"Per iniziare a usare Amazon SageMaker Edge Manager, devi compilare e impacchettare i modelli ML addestrati nel cloud, registrare i dispositivi e prepararli con l'SDK SageMaker Edge Manager. Per preparare il modello per l'implementazione, SageMaker Edge Manager utilizza SageMaker Neo per compilare il modello per l'hardware edge di destinazione. Una volta compilato il modello, SageMaker Edge Manager firma il modello con una chiave generata da AWS, quindi impacchetta il modello con il relativo runtime e le credenziali necessarie per prepararlo alla distribuzione. Sul lato dispositivo, registrate il dispositivo con SageMaker Edge Manager, scaricate l'SDK di SageMaker Edge Manager e seguite le istruzioni per installare l'agente SageMaker Edge Manager sui dispositivi. Il notebook del tutorial fornisce un esempio dettagliato di come preparare i modelli e collegare i modelli su dispositivi periferici con SageMaker Edge Manager."
Quali dispositivi sono supportati da Amazon SageMaker Edge Manager?,"Amazon SageMaker Edge Manager supporta i comuni dispositivi basati su CPU (ARM, x86) e GPU (ARM, Nvidia) con sistemi operativi Linux e Windows. Col tempo, SageMaker Edge Manager si espanderà per supportare più processori integrati e piattaforme mobili supportate anche da SageMaker Neo."
Devo utilizzare Amazon SageMaker per addestrare il mio modello per utilizzare Amazon SageMaker Edge Manager?,"No, non è così. Puoi addestrare i tuoi modelli altrove o utilizzare un modello pre-addestrato fornito dall'open source o dal fornitore del modello."
Devo utilizzare Amazon SageMaker Neo per compilare il mio modello per poter utilizzare Amazon SageMaker Edge Manager?,"Sì, lo fai. Amazon SageMaker Neo converte e compila i tuoi modelli in un eseguibile che puoi quindi impacchettare e distribuire sui tuoi dispositivi periferici. Una volta distribuito il pacchetto di modelli, l'agente Amazon SageMaker Edge Manager decomprimerà il pacchetto del modello ed eseguirà il modello sul dispositivo."
In che modo posso distribuire i modelli sui dispositivi periferici?,Amazon SageMaker Edge Manager memorizza il pacchetto modello nel bucket Amazon S3 specificato. Puoi utilizzare la funzionalità di distribuzione over-the-air (OTA) fornita da AWS IoT Greengrass o qualsiasi altro meccanismo di distribuzione di tua scelta per distribuire il pacchetto modello dal tuo bucket S3 ai dispositivi.
In che modo Amazon SageMaker Edge Manager SDK è diverso dal runtime SageMaker Neo (dlr)?,"Neo dlr è un runtime open source che esegue solo modelli compilati dal servizio Amazon SageMaker Neo. Rispetto al dlr open source, l'SDK SageMaker Edge Manager include un agente su dispositivo di livello aziendale con funzionalità aggiuntive di sicurezza, gestione dei modelli e servizio di modelli. L'SDK SageMaker Edge Manager è adatto per l'implementazione in produzione su larga scala."
In che modo Amazon SageMaker Edge Manager è correlato ad AWS IoT Greengrass?,"Amazon SageMaker Edge Manager e AWS IoT Greengrass possono lavorare insieme nella tua soluzione IoT. Una volta che il modello ML è stato impacchettato con SageMaker Edge Manager, puoi utilizzare la funzione di aggiornamento OTA di AWS IoT Greengrass per distribuire il pacchetto di modelli sul tuo dispositivo. AWS IoT Greengrass ti consente di monitorare i tuoi dispositivi IoT da remoto, mentre SageMaker Edge Manager ti aiuta a monitorare e mantenere i modelli ML sui dispositivi."
In che modo Amazon SageMaker Edge Manager è correlato ad AWS Panorama? Quando devo usare Amazon SageMaker Edge Manager anziché AWS Panorama?,"AWS offre la più ampia e approfondita gamma di funzionalità per l'esecuzione di modelli su dispositivi periferici. Offriamo servizi per supportare un'ampia gamma di casi d'uso, tra cui visione artificiale, riconoscimento vocale e manutenzione predittiva. Per le aziende che desiderano eseguire la visione artificiale su dispositivi periferici come fotocamere e appliance, puoi utilizzare AWS Panorama. Panorama offre applicazioni di visione artificiale pronte all'uso per dispositivi periferici. È facile iniziare a usare AWS Panorama accedendo alla console cloud, specificando il modello che desideri utilizzare in Amazon S3 o in SageMaker e quindi scrivendo la logica aziendale come script Python. AWS Panorama compila il modello per il dispositivo di destinazione e crea un pacchetto applicativo in modo che possa essere distribuito sui tuoi dispositivi con pochi clic. Inoltre, i fornitori di software indipendenti che desiderano creare le proprie applicazioni personalizzate possono utilizzare l'SDK AWS Panorama e i produttori di dispositivi possono utilizzare l'SDK per dispositivi per certificare i propri dispositivi per AWS Panorama. I clienti che desiderano creare i propri modelli e avere un controllo più granulare sulle funzionalità dei modelli possono utilizzare Amazon SageMaker Edge Manager. SageMaker Edge Manager è un servizio gestito per preparare, eseguire, monitorare e aggiornare i modelli ML su flotte di dispositivi periferici come fotocamere intelligenti, altoparlanti intelligenti e robot per qualsiasi caso d'uso, come l'elaborazione del linguaggio naturale, il rilevamento delle frodi e la manutenzione predittiva. SageMaker Edge Manager è destinato agli sviluppatori di ML Edge che desiderano il controllo sul proprio modello, inclusa la progettazione di diverse funzionalità del modello e il monitoraggio dei modelli per il drift. Qualsiasi sviluppatore di ML Edge può utilizzare SageMaker Edge Manager tramite la console SageMaker e le API SageMaker. SageMaker Edge Manager offre le funzionalità di SageMaker per creare, addestrare e distribuire modelli nel cloud verso i dispositivi periferici."
In quali regioni AWS è disponibile Amazon SageMaker Edge Manager?,"Amazon SageMaker Edge Manager è disponibile in sei regioni AWS: Stati Uniti orientali (Virginia settentrionale), Stati Uniti orientali (Ohio), Stati Uniti occidentali (Oregon), UE (Irlanda), UE (Francoforte) e Asia Pacifico (Tokyo). Per ulteriori informazioni, consulta l'elenco dei servizi regionali AWS."
Cos'è Amazon SageMaker Neo?,Amazon SageMaker Neo consente ai modelli di apprendimento automatico di essere addestrati una sola volta ed eseguiti ovunque nel cloud e all'edge. SageMaker Neo ottimizza automaticamente i modelli creati con i framework di deep learning più diffusi che possono essere utilizzati per la distribuzione su più piattaforme hardware. I modelli ottimizzati funzionano fino a 25 volte più velocemente e consumano meno di un decimo delle risorse dei modelli ML tipici.
Come posso iniziare a usare Amazon SageMaker Neo?,"Per iniziare a usare Amazon SageMaker Neo, accedi alla console Amazon SageMaker, scegli un modello addestrato, segui l'esempio per compilare i modelli e distribuisci il modello risultante sulla piattaforma hardware di destinazione."
Quali sono i componenti principali di Amazon SageMaker Neo?,"Amazon SageMaker Neo contiene due componenti principali: un compilatore e un runtime. Innanzitutto, il compilatore Neo legge i modelli esportati da diversi framework. Quindi converte le funzioni e le operazioni specifiche del framework in una rappresentazione intermedia indipendente dal framework. Successivamente, esegue una serie di ottimizzazioni. Quindi, il compilatore genera codice binario per le operazioni ottimizzate e le scrive in una libreria di oggetti condivisa. Il compilatore salva anche la definizione e i parametri del modello in file separati. Durante l'esecuzione, il runtime Neo carica gli artefatti generati dal compilatore: definizione del modello, parametri e libreria di oggetti condivisa per eseguire il modello."
Devo utilizzare Amazon SageMaker per addestrare il mio modello in modo da utilizzare Amazon SageMaker Neo per convertirlo?,No. Puoi addestrare i modelli altrove e utilizzare Neo per ottimizzarli per le istanze di Amazon SageMaker ML o i dispositivi supportati da AWS IoT Greengrass.
Quali modelli supporta Amazon SageMaker Neo?,"Attualmente, Amazon SageMaker Neo supporta i modelli di deep learning più diffusi alla base delle applicazioni di visione artificiale e i modelli di albero decisionale più diffusi attualmente utilizzati in Amazon SageMaker. Neo ottimizza le prestazioni dei modelli AlexNet, ResNet, VGG, Inception, MobileNet, SqueezeNet e DenseNet addestrati in MXNet e TensorFlow e dei modelli di classificazione e foresta a taglio casuale addestrati in XGBoost."
Quali piattaforme hardware supporta Amazon SageMaker Neo?,"Puoi trovare gli elenchi delle istanze cloud, dei dispositivi edge e delle versioni del framework supportati nella documentazione di Amazon SageMaker Neo."
In quali regioni AWS è disponibile Amazon SageMaker Neo?,"Per visualizzare un elenco delle regioni supportate, consulta l'elenco dei servizi regionali AWS."
Cosa sono i piani di risparmio di Amazon SageMaker?,"I piani di risparmio di Amazon SageMaker offrono un modello di prezzo flessibile basato sull'utilizzo per Amazon SageMaker in cambio dell'impegno a una quantità costante di utilizzo (misurata in $/ora) per un periodo di uno o tre anni. I piani di risparmio Amazon SageMaker offrono la massima flessibilità e aiutano a ridurre i costi fino al 64%. Questi piani si applicano automaticamente agli utilizzi idonei delle istanze di SageMaker ML, inclusi i notebook SageMaker Studio, i taccuini SageMaker On-Demand, SageMaker Processing, SageMaker Data Wrangler, SageMaker Training, SageMaker Real-Time Inference e SageMaker Batch Transform indipendentemente dalla famiglia, dalla dimensione o dalla regione dell'istanza. Ad esempio, puoi modificare l'utilizzo da un'istanza della CPU ml.c5.xlarge in esecuzione negli Stati Uniti orientali (Ohio) a un'istanza ML.inf1 negli Stati Uniti occidentali (Oregon) per i carichi di lavoro di inferenza in qualsiasi momento e continuare automaticamente a pagare il prezzo dei piani di risparmio."
Perché dovrei utilizzare i piani di risparmio Amazon SageMaker?,"Se disponi di una quantità costante di utilizzo delle istanze di Amazon SageMaker (misurata in $/ora) e utilizzi più componenti SageMaker o prevedi che la tua configurazione tecnologica (come la famiglia di istanze o la regione) cambi nel tempo, i piani di risparmio SageMaker semplificano la massimizzazione dei risparmi e offrono la flessibilità necessaria per modificare la configurazione tecnologica sottostante in base alle esigenze dell'applicazione o alla nuova innovazione. La tariffa dei piani di risparmio si applica automaticamente a tutti gli utilizzi idonei delle istanze ML senza che siano necessarie modifiche manuali."
Come posso iniziare a usare i piani di risparmio Amazon SageMaker?,"Puoi iniziare a usare Savings Plans da AWS Cost Explorer nella Console di gestione AWS o utilizzando l'API/CLI. Puoi facilmente sottoscrivere piani di risparmio utilizzando i consigli forniti in AWS Cost Explorer per ottenere i maggiori risparmi. L'impegno orario consigliato si basa sull'utilizzo storico di On-Demand e sulla scelta del tipo di piano, della durata e dell'opzione di pagamento. Dopo la registrazione a un piano di risparmio, l'utilizzo dell'elaborazione verrà automaticamente addebitato ai prezzi scontati dei piani di risparmio e qualsiasi utilizzo oltre l'impegno verrà addebitato alle normali tariffe on demand."
In che modo i piani di risparmio per Amazon SageMaker sono diversi dai piani di risparmio di Compute Savings per Amazon EC2?,La differenza tra i piani di risparmio per Amazon SageMaker e i piani di risparmio per EC2 sta nei servizi che includono. I piani di risparmio SageMaker si applicano solo all'utilizzo delle istanze ML di SageMaker.
Come funzionano i piani di risparmio con AWS Organizations/Consolidated Billing?,"I piani di risparmio possono essere acquistati in qualsiasi account all'interno di una famiglia AWS Organization/Consolidated Billing. Per impostazione predefinita, il vantaggio offerto da Savings Plans è applicabile all'utilizzo su tutti gli account all'interno di una famiglia AWS Organization/Consolidated Billing. Tuttavia, puoi anche scegliere di limitare i vantaggi dei piani di risparmio solo all'account che li ha acquistati."
,