¿Qué es Amazon SageMaker?,"Amazon SageMaker es un servicio totalmente administrado para preparar datos y crear, entrenar e implementar modelos de aprendizaje automático (ML) para cualquier caso de uso con infraestructura, herramientas y flujos de trabajo totalmente administrados."
¿En qué regiones está disponible Amazon SageMaker?,"Para obtener una lista de las regiones de AWS de Amazon SageMaker compatibles, visite la página de servicios regionales de AWS. Además, para obtener más información, consulte los puntos de conexión regionales en la guía de referencia general de AWS."
¿Cuál es la disponibilidad del servicio de Amazon SageMaker?,"Amazon SageMaker está diseñado para ofrecer una alta disponibilidad. No hay períodos de mantenimiento ni tiempos de inactividad programados. Las API de SageMaker se ejecutan en los centros de datos comprobados y de alta disponibilidad de Amazon, y la replicación de paquetes de servicios se configura en tres instalaciones de cada región de AWS para ofrecer tolerancia a los errores en caso de que se produzca un fallo en el servidor o se interrumpa la zona de disponibilidad."
¿Cómo protege Amazon SageMaker mi código?,"Amazon SageMaker almacena el código en volúmenes de almacenamiento de aprendizaje automático, protegidos por grupos de seguridad y, de forma opcional, cifrados en reposo."
¿Qué medidas de seguridad tiene Amazon SageMaker?,"Amazon SageMaker garantiza que los artefactos del modelo de aprendizaje automático y otros artefactos del sistema estén cifrados en tránsito y en reposo. Las solicitudes a la consola y a la API de SageMaker se realizan a través de una conexión segura (SSL). Usted transfiere las funciones de AWS Identity and Access Management a SageMaker para que le otorgue permisos de acceso a los recursos en su nombre con fines de capacitación e implementación. Puede utilizar depósitos cifrados de Amazon Simple Storage Service (Amazon S3) para modelar artefactos y datos, así como transferir una clave de AWS Key Management Service (KMS) a los blocs de notas, tareas de formación y terminales de SageMaker para cifrar el volumen de almacenamiento de aprendizaje automático adjunto. Amazon SageMaker también es compatible con Amazon Virtual Private Cloud (VPC) y AWS PrivateLink."
"¿Amazon SageMaker usa o comparte modelos, datos de entrenamiento o algoritmos?","Amazon SageMaker no usa ni comparte modelos de clientes, datos de entrenamiento ni algoritmos. Sabemos que los clientes se preocupan profundamente por la privacidad y la seguridad de los datos. Por eso, AWS le otorga la propiedad y el control de su contenido mediante herramientas sencillas y eficaces que le permiten determinar dónde se almacenará su contenido, proteger su contenido en tránsito y en reposo y administrar el acceso de sus usuarios a los servicios y recursos de AWS. También implementamos controles técnicos y físicos responsables y sofisticados diseñados para evitar el acceso no autorizado a su contenido o su divulgación. Como cliente, usted mantiene la propiedad de su contenido y selecciona qué servicios de AWS pueden procesar, almacenar y alojar su contenido. No accedemos a su contenido para ningún propósito sin su consentimiento."
¿Cómo se me cobra por Amazon SageMaker?,"Usted paga por los recursos de procesamiento de datos, almacenamiento y procesamiento de datos de aprendizaje automático que utiliza para alojar el cuaderno, entrenar el modelo, realizar predicciones y registrar los resultados. Amazon SageMaker le permite seleccionar la cantidad y el tipo de instancia que se utilizan para el bloc de notas alojado, la capacitación y el alojamiento del modelo. Solo paga por lo que usa y a medida que lo usa; no hay tarifas mínimas ni compromisos iniciales. Consulte la página de precios de Amazon SageMaker y la calculadora de precios de Amazon SageMaker para obtener más información."
"¿Cómo puedo optimizar mis costos de Amazon SageMaker, por ejemplo, detectar y detener los recursos inactivos para evitar cargos innecesarios?","Hay varias prácticas recomendadas que puede adoptar para optimizar la utilización de los recursos de Amazon SageMaker. Algunos enfoques implican optimizaciones de configuración; otros, soluciones programáticas. En esta entrada de blog encontrará una guía completa sobre este concepto, con tutoriales visuales y ejemplos de código."
"¿Qué pasa si tengo mi propio bloc de notas, formación o entorno de alojamiento?","Amazon SageMaker proporciona un flujo de trabajo completo de principio a fin, pero puede seguir utilizando las herramientas existentes con SageMaker. Puede transferir fácilmente los resultados de cada etapa dentro y fuera de SageMaker según lo requieran sus requisitos empresariales."
¿R es compatible con Amazon SageMaker?,"Sí, R es compatible con Amazon SageMaker. Puede usar R en las instancias del cuaderno de SageMaker, que incluyen un núcleo R preinstalado y la biblioteca reticulate. Reticulate ofrece una interfaz R para el SDK de Python de Amazon SageMaker, que permite a los profesionales de aprendizaje automático crear, entrenar, ajustar e implementar modelos R."
¿Cómo puedo comprobar si hay desequilibrios en mi modelo?,"Amazon SageMaker Clarify ayuda a mejorar la transparencia de los modelos al detectar sesgos estadísticos en todo el flujo de trabajo de aprendizaje automático. SageMaker Clarify comprueba si hay desequilibrios durante la preparación de los datos, después del entrenamiento y de forma continua a lo largo del tiempo, y también incluye herramientas que ayudan a explicar los modelos de aprendizaje automático y sus predicciones. Los hallazgos se pueden compartir a través de informes explicables."
¿Qué tipo de sesgo detecta Amazon SageMaker Clarify?,"Medir el sesgo en los modelos de aprendizaje automático es un primer paso para mitigar el sesgo. El sesgo se puede medir antes y después del entrenamiento, así como para hacer inferencias en un modelo implementado. Cada medida de sesgo corresponde a una noción diferente de equidad. Incluso considerar nociones simples de equidad conduce a muchas medidas diferentes aplicables en diversos contextos. Debe elegir nociones y métricas de sesgo que sean válidas para la solicitud y la situación que se está investigando. Actualmente, SageMaker admite el cálculo de diferentes métricas de sesgo para los datos de entrenamiento (como parte de la preparación de los datos de SageMaker), para el modelo entrenado (como parte de los experimentos de Amazon SageMaker) y para la inferencia de un modelo implementado (como parte de Amazon SageMaker Model Monitor). Por ejemplo, antes de la capacitación, proporcionamos métricas para comprobar si los datos de la capacitación son representativos (es decir, si un grupo está infrarrepresentado) y si hay diferencias en la distribución de etiquetas entre los grupos. Después de la capacitación o durante la implementación, las métricas pueden ser útiles para medir si el rendimiento del modelo difiere entre los grupos (y en qué medida). Por ejemplo, comience comparando las tasas de error (la probabilidad de que la predicción de un modelo difiera de la etiqueta verdadera) o desvíelas en términos de precisión (qué probabilidades hay de que una predicción positiva sea correcta) y recuerde (qué probabilidades hay de que el modelo etiquete correctamente un ejemplo positivo)."
¿Cómo mejora Amazon SageMaker Clarify la explicabilidad de los modelos?,"Amazon SageMaker Clarify se integra con Amazon SageMaker Experiments para proporcionar un gráfico de importancia de las características en el que se detalla la importancia de cada entrada para el proceso general de toma de decisiones del modelo, una vez entrenado el modelo. Estos detalles pueden ayudar a determinar si una entrada del modelo en particular tiene más influencia de la que debería en el comportamiento general del modelo. SageMaker Clarify también ofrece explicaciones para las predicciones individuales a través de una API."
¿Qué es Amazon SageMaker Studio?,"Amazon SageMaker Studio proporciona una interfaz visual única basada en la web en la que puede realizar todos los pasos de desarrollo de ML. SageMaker Studio le brinda acceso, control y visibilidad completos de cada paso necesario para preparar los datos y crear, entrenar e implementar modelos. Puede cargar datos rápidamente, crear nuevos cuadernos, entrenar y ajustar modelos, ir y venir de un paso a otro para ajustar los experimentos, comparar los resultados e implementar los modelos para la producción, todo en un solo lugar, lo que aumenta su productividad. Todas las actividades de desarrollo del aprendizaje automático, como los cuadernos, la gestión de experimentos, la creación automática de modelos, la depuración y la creación de perfiles, y la detección de desviaciones en los modelos, se pueden realizar dentro de la interfaz visual unificada de SageMaker Studio."
¿Qué es RStudio en Amazon SageMaker?,"RStudio en Amazon SageMaker es el primer RStudio Workbench totalmente administrado en la nube. Puede lanzar rápidamente el conocido entorno de desarrollo integrado (IDE) de RStudio y aumentar o reducir los recursos informáticos subyacentes sin interrumpir su trabajo, lo que facilita la creación de soluciones de análisis y aprendizaje automático en R a gran escala. Puede cambiar sin problemas entre el IDE de RStudio y los blocs de notas de Amazon SageMaker Studio para el desarrollo de R y Python. Todo su trabajo, incluido el código, los conjuntos de datos, los repositorios y otros artefactos, se sincroniza automáticamente entre los dos entornos para reducir el cambio de contexto y aumentar la productividad."
¿Cómo funcionan los precios de Amazon SageMaker Studio?,El uso de Amazon SageMaker Studio no conlleva ningún cargo adicional. Solo paga los cargos de procesamiento y almacenamiento subyacentes de los servicios que utilice en Amazon SageMaker Studio.
¿En qué regiones se admite Amazon SageMaker Studio?,Puede encontrar las regiones en las que se admite Amazon SageMaker Studio en la documentación que se encuentra aquí.
¿Qué herramientas de gestión del aprendizaje automático ofrece Amazon SageMaker?,"Amazon SageMaker proporciona herramientas de gestión del aprendizaje automático diseñadas específicamente para todo el ciclo de vida del aprendizaje automático. Con SageMaker Role Manager, los administradores pueden definir los permisos mínimos en cuestión de minutos. Las tarjetas de modelo de SageMaker facilitan la captura, la recuperación y el intercambio de información esencial del modelo, desde la concepción hasta la implementación, y SageMaker Model Dashboard le mantiene informado sobre el comportamiento de los modelos de producción, todo en un solo lugar. Vea más detalles."
¿Qué hace Amazon SageMaker Role Manager?,"Puede definir los permisos mínimos en cuestión de minutos con Amazon SageMaker Role Manager. SageMaker Role Manager proporciona un conjunto básico de permisos para personas y actividades de aprendizaje automático con un catálogo de políticas de IAM prediseñadas. Puede conservar los permisos básicos o personalizarlos aún más en función de sus necesidades específicas. Con unas cuantas instrucciones autoguiadas, puede introducir rápidamente estructuras de gobierno comunes, como los límites de acceso a la red y las claves de cifrado. A continuación, SageMaker Role Manager generará automáticamente la política de IAM. Puede descubrir el rol generado y las políticas asociadas a través de la consola de AWS IAM. Para adaptar aún más los permisos a su caso de uso, adjunte sus políticas de IAM administradas al rol de IAM que cree con SageMaker Role Manager. También puede añadir etiquetas para ayudar a identificar el rol y organizarlo en los distintos servicios de AWS."
¿Qué hacen las tarjetas de modelo de Amazon SageMaker?,Las tarjetas de modelo de Amazon SageMaker le ayudan a centralizar y estandarizar la documentación de los modelos durante todo el ciclo de vida del aprendizaje automático mediante la creación de una única fuente fiable de información sobre los modelos. Las tarjetas de modelo de SageMaker rellenan automáticamente los detalles del entrenamiento para acelerar el proceso de documentación. También puede añadir detalles como el propósito del modelo y los objetivos de rendimiento. Puede adjuntar los resultados de la evaluación del modelo a la tarjeta del modelo y proporcionar visualizaciones para obtener información clave sobre el rendimiento del modelo. Las tarjetas de modelo de SageMaker se pueden compartir fácilmente con otras personas mediante la exportación a formato pdf.
¿Qué hace Amazon SageMaker Model Dashboard?,"El panel de modelos de Amazon SageMaker ofrece una descripción general completa de los modelos y puntos finales implementados, lo que le permite realizar un seguimiento de los recursos y de las infracciones del comportamiento de los modelos en un solo panel. Gracias a su integración con Amazon SageMaker Model Monitor y Amazon SageMaker Clarify, le permite supervisar el comportamiento de los modelos en cuatro dimensiones, incluida la calidad de los datos y los modelos, así como los sesgos y las diferencias en la atribución de funciones. SageMaker Model Dashboard también ofrece una experiencia integrada para configurar y recibir alertas en caso de tareas de supervisión de modelos inactivas o faltantes, así como de desviaciones en el comportamiento del modelo en relación con la calidad del modelo, la calidad de los datos, la desviación de sesgos y la desviación en la atribución de funciones. Puede inspeccionar más a fondo los modelos individuales y analizar los factores que afectan al rendimiento de los modelos a lo largo del tiempo. Luego, puede hacer un seguimiento con los profesionales del aprendizaje automático para tomar medidas correctivas."
¿Qué es Amazon SageMaker Autopilot?,"El piloto automático de Amazon SageMaker es la primera función de aprendizaje automático automatizado del sector que le brinda un control y una visibilidad totales de sus modelos de aprendizaje automático. SageMaker Autopilot inspecciona automáticamente los datos sin procesar, aplica procesadores de funciones, selecciona el mejor conjunto de algoritmos, entrena y ajusta varios modelos, realiza un seguimiento de su rendimiento y, a continuación, clasifica los modelos en función del rendimiento, todo ello con solo unos pocos clics. El resultado es el modelo con mejor rendimiento, que se puede implementar en una fracción del tiempo que normalmente se necesita para entrenar el modelo. Obtiene una visibilidad total de cómo se creó el modelo y qué contiene, y SageMaker Autopilot se integra con Amazon SageMaker Studio. Puede explorar hasta 50 modelos diferentes generados por SageMaker Autopilot dentro de SageMaker Studio, por lo que es fácil elegir el modelo que mejor se adapte a su caso de uso. Personas sin experiencia en aprendizaje automático pueden utilizar SageMaker Autopilot para crear un modelo con facilidad, o desarrolladores experimentados pueden utilizarlo para desarrollar rápidamente un modelo base que los equipos puedan seguir iterando."
¿Qué algoritmos integrados admite Amazon SageMaker Autopilot?,Amazon SageMaker Autopilot admite dos algoritmos integrados: XGBoost y Linear Learner.
¿Puedo detener un trabajo de Amazon SageMaker Autopilot manualmente?,"Sí. Puedes dejar un trabajo en cualquier momento. Cuando se detiene un trabajo de Amazon SageMaker Autopilot, se detendrán todas las pruebas en curso y no se iniciará ninguna nueva."
¿Cómo puedo empezar a utilizar Amazon SageMaker rápidamente?,"Amazon SageMaker JumpStart le ayuda a comenzar a utilizar el aprendizaje automático de forma rápida y sencilla. SageMaker JumpStart proporciona un conjunto de soluciones para los casos de uso más comunes que se pueden implementar fácilmente con solo unos clics. Las soluciones son totalmente personalizables y muestran el uso de las plantillas y arquitecturas de referencia de AWS CloudFormation para que pueda acelerar su transición al aprendizaje automático. SageMaker JumpStart también permite la implementación con un solo clic y el ajuste preciso de más de 150 modelos populares de código abierto, como los modelos de transformadores, detección de objetos y clasificación de imágenes."
¿Qué modelos de código abierto son compatibles con Amazon SageMaker JumpStart?,"Amazon SageMaker JumpStart incluye más de 150 modelos de código abierto previamente entrenados de PyTorch Hub y TensorFlow Hub. Para tareas de visión, como la clasificación de imágenes y la detección de objetos, puede utilizar modelos como ResNet, MobileNet y Single-Shot Detector (SSD). Para tareas de texto, como la clasificación de oraciones, la clasificación de textos y la respuesta a preguntas, puede utilizar modelos como BERT, RoberTA y DistiLbert."
¿Qué soluciones vienen prediseñadas con Amazon SageMaker JumpStart?,"SageMaker JumpStart incluye soluciones que vienen preconfiguradas con todos los servicios de AWS necesarios para lanzar una solución a producción. Las soluciones son totalmente personalizables, por lo que puede modificarlas fácilmente para adaptarlas a su caso de uso y conjunto de datos específicos. Puede utilizar las soluciones para más de 15 casos de uso, como la previsión de la demanda, la detección de fraudes y el mantenimiento predictivo, e implementar soluciones fácilmente con tan solo unos clics. Para obtener más información sobre todas las soluciones disponibles, visite la página de inicio de SageMaker."
¿Cómo puedo compartir los artefactos de aprendizaje automático con otras personas de mi organización?,"Con Amazon SageMaker JumpStart, los científicos de datos y los desarrolladores de aprendizaje automático pueden compartir fácilmente artefactos de aprendizaje automático, incluidos cuadernos y modelos, dentro de su organización. Los administradores pueden configurar un repositorio al que pueda acceder un conjunto definido de usuarios. Todos los usuarios con permiso para acceder al repositorio pueden explorar, buscar y usar modelos y cuadernos, así como el contenido público de SageMaker JumpStart. Los usuarios pueden seleccionar artefactos para entrenar modelos, implementar puntos finales y ejecutar cuadernos en SageMaker JumpStart."
¿Por qué debo usar Amazon SageMaker JumpStart para compartir artefactos de aprendizaje automático con otras personas de mi organización?,"Con Amazon SageMaker JumpStart, puede acelerar el tiempo de comercialización al crear aplicaciones de aprendizaje automático. Los modelos y cuadernos creados por un equipo de la organización se pueden compartir fácilmente con otros equipos de la organización con tan solo unos clics. El intercambio interno de conocimientos y la reutilización de activos pueden aumentar considerablemente la productividad de su organización."
¿Cómo funcionan los precios de Amazon SageMaker JumpStart?,"Se le cobrará por los servicios de AWS lanzados desde Amazon SageMaker JumpStart, como los trabajos de formación y los puntos finales, en función de los precios de SageMaker. El uso de SageMaker JumpStart no conlleva ningún cargo adicional."
¿Qué es Amazon SageMaker Canvas?,"Amazon SageMaker Canvas es un servicio sin código con una interfaz intuitiva de apuntar y hacer clic que le permite crear predicciones de gran precisión basadas en ML a partir de sus datos. SageMaker Canvas le permite acceder a datos de diversas fuentes y combinarlos mediante una interfaz de usuario de arrastrar y soltar, lo que limpia y prepara los datos automáticamente para minimizar la limpieza manual. SageMaker Canvas aplica una variedad de algoritmos de aprendizaje automático de última generación para encontrar modelos predictivos de alta precisión y proporciona una interfaz intuitiva para realizar predicciones. Puede utilizar SageMaker Canvas para hacer predicciones mucho más precisas en diversas aplicaciones empresariales y colaborar fácilmente con los analistas y científicos de datos de su empresa compartiendo sus modelos, datos e informes. Para obtener más información sobre SageMaker Canvas, visite la página de preguntas frecuentes de SageMaker Canvas."
¿Cómo funcionan los precios de Amazon SageMaker Canvas?,"Con Amazon SageMaker Canvas, paga en función del uso. SageMaker Canvas le permite ingerir, explorar y preparar de forma interactiva los datos de varias fuentes, entrenar modelos de aprendizaje automático de alta precisión con sus datos y generar predicciones. Hay dos componentes que determinan su factura: los cargos por sesión en función del número de horas durante las que se utiliza o inicia sesión SageMaker Canvas, y los cargos por entrenar el modelo en función del tamaño del conjunto de datos utilizado para crear el modelo. Para obtener más información, consulte la página de precios de SageMaker Canvas."
¿Cómo puedo crear un proceso de integración y entrega continuas (CI/CD) con Amazon SageMaker?,"Amazon SageMaker Pipelines le ayuda a crear flujos de trabajo de aprendizaje automático totalmente automatizados, desde la preparación de los datos hasta la implementación del modelo, para que pueda escalar a miles de modelos de aprendizaje automático en producción. SageMaker Pipelines incluye un SDK de Python que se conecta a Amazon SageMaker Studio para que pueda aprovechar una interfaz visual para crear cada paso del flujo de trabajo. Luego, con una sola API, puede conectar cada paso para crear un flujo de trabajo de principio a fin. SageMaker Pipelines se encarga de gestionar los datos entre pasos, empaquetar las recetas de código y organizar su ejecución, lo que reduce los meses de codificación a unas pocas horas. Cada vez que se ejecuta un flujo de trabajo, se guarda un registro completo de los datos procesados y las acciones realizadas para que los científicos de datos y los desarrolladores de aprendizaje automático puedan depurar los problemas rápidamente."
¿Cómo puedo ver todos mis modelos entrenados para elegir el mejor modelo para pasar a la producción?,"Amazon SageMaker Pipelines proporciona un repositorio central de modelos entrenados denominado registro de modelos. Puede descubrir modelos y acceder al registro de modelos de forma visual a través de SageMaker Studio o mediante programación a través del SDK de Python, lo que facilita la elección del modelo que desee para implementarlo en producción."
¿Qué componentes de Amazon SageMaker se pueden añadir a Amazon SageMaker Pipelines?,"Los componentes disponibles en Amazon SageMaker Studio, incluidos Amazon SageMaker, Amazon Clarify, Amazon SageMaker Data Wrangler, Amazon SageMaker Feature Store, Amazon SageMaker Experiments, Amazon SageMaker Debugger y Amazon SageMaker Model Monitor, se pueden añadir a SageMaker Pipelines."
¿Cómo hago un seguimiento de los componentes de mi modelo a lo largo de todo el flujo de trabajo de aprendizaje automático?,"Amazon SageMaker Pipelines realiza un seguimiento automático de todos los componentes del modelo y mantiene un registro de auditoría de todos los cambios, lo que elimina el seguimiento manual y puede ayudarlo a alcanzar los objetivos de cumplimiento. Puede realizar un seguimiento de los datos, el código, los modelos entrenados y mucho más con SageMaker Pipelines."
¿Cómo funcionan los precios de Amazon SageMaker Pipelines?,Amazon SageMaker Pipelines no conlleva ningún cargo adicional. Solo paga por el procesamiento subyacente o por cualquier servicio de AWS independiente que utilice en SageMaker Pipelines.
¿Puedo usar Kubeflow con Amazon SageMaker?,"Sí. Los componentes de Amazon SageMaker para Kubeflow Pipelines son complementos de código abierto que le permiten usar Kubeflow Pipelines para definir sus flujos de trabajo de aprendizaje automático y utilizar SageMaker para los pasos de etiquetado, entrenamiento e inferencia de datos. Kubeflow Pipelines es un complemento de Kubeflow que permite crear e implementar canalizaciones de aprendizaje automático de principio a fin, portátiles y escalables. Sin embargo, al usar Kubeflow Pipelines, los equipos de operaciones de aprendizaje automático deben administrar un clúster de Kubernetes con instancias de CPU y GPU y mantener un alto nivel de uso en todo momento para reducir los costos operativos. Maximizar la utilización de un clúster entre los equipos de ciencia de datos es un desafío y añade una sobrecarga operativa adicional a los equipos de operaciones de aprendizaje automático. Como alternativa a un clúster de Kubernetes optimizado para ML, con SageMaker Components for Kubeflow Pipelines puede aprovechar las potentes funciones de SageMaker, como el etiquetado de datos, el ajuste de hiperparámetros a gran escala y totalmente gestionados y los trabajos de entrenamiento distribuidos, la implementación de modelos escalables y seguros con un solo clic y el entrenamiento rentable mediante instancias puntuales de Amazon EC2 sin necesidad de configurar y gestionar los clústeres de Kubernetes específicamente para ejecutar los trabajos de ML."
¿Cómo funcionan los precios de Amazon SageMaker Components for Kubeflow Pipelines?,El uso de componentes de Amazon SageMaker para Kubeflow Pipelines no conlleva ningún cargo adicional.
¿Cómo puede Amazon SageMaker preparar los datos para el aprendizaje automático?,"Amazon SageMaker Data Wrangler reduce el tiempo que se tarda en agregar y preparar los datos para el aprendizaje automático. Desde una única interfaz de Amazon SageMaker Studio, puede explorar e importar datos de Amazon S3, Amazon Athena, Amazon Redshift, AWS Lake Formation, Amazon SageMaker Feature Store y Snowflake con tan solo unos clics. También puede consultar e importar datos transferidos desde más de 40 fuentes de datos y registrados en AWS Glue Data Catalog de Amazon AppFlow. SageMaker Data Wrangler cargará, agregará y mostrará automáticamente los datos sin procesar. Tras importar los datos a SageMaker Data Wrangler, podrá ver los resúmenes de las columnas y los histogramas generados automáticamente. A continuación, puede profundizar para comprender sus datos e identificar posibles errores con el informe Data Quality and Insights de SageMaker Data Wrangler, que proporciona estadísticas resumidas y advertencias sobre la calidad de los datos. También puede realizar un análisis de sesgos con la ayuda de Amazon SageMaker Clarify directamente desde SageMaker Data Wrangler para detectar posibles sesgos durante la preparación de los datos. A partir de ahí, puede utilizar las transformaciones prediseñadas de SageMaker Data Wrangler para preparar los datos. Una vez que los datos estén preparados, puede crear flujos de trabajo de aprendizaje automático totalmente automatizados con Amazon SageMaker Pipelines o importar esos datos a la tienda de funciones de Amazon SageMaker."
¿Cómo puedo crear funciones de modelo con Amazon SageMaker Data Wrangler?,"Sin escribir ni una sola línea de código, Amazon SageMaker Data Wrangler puede transformar automáticamente sus datos en nuevas funciones. SageMaker Data Wrangler ofrece una selección de transformaciones de datos preconfiguradas, la imputación de los datos faltantes, la codificación unidireccional, la reducción de la dimensionalidad mediante el análisis de componentes principales (PCA) y transformadores específicos de series temporales. Por ejemplo, puede convertir una columna de campo de texto en una columna numérica con un solo clic. También puede crear un fragmento de código desde la biblioteca de fragmentos de código de SageMaker Data Wrangler."
¿Cómo puedo visualizar mis datos en Amazon SageMaker Data Wrangler?,"Amazon SageMaker Data Wrangler le ayuda a comprender sus datos e identificar posibles errores y valores extremos con un conjunto de sólidas plantillas de visualización preconfiguradas. Los histogramas, los gráficos de dispersión y las visualizaciones específicas de ML, como la detección de fugas en objetivos, están disponibles sin necesidad de escribir una sola línea de código. También puede crear y editar sus propias visualizaciones."
¿Cómo funcionan los precios de Amazon SageMaker Data Wrangler?,"Usted paga por todos los recursos de procesamiento de datos, almacenamiento y procesamiento de datos de aprendizaje automático que utilice para Amazon SageMaker Data Wrangler. Puede consultar todos los detalles de los precios de SageMaker Data Wrangler aquí. Como parte de la capa gratuita de AWS, también puede empezar a utilizar SageMaker Data Wrangler de forma gratuita."
¿Cómo puedo entrenar modelos de aprendizaje automático con datos preparados en Amazon SageMaker Data Wrangler?,"Amazon SageMaker Data Wrangler ofrece una experiencia unificada que le permite preparar datos y entrenar sin problemas un modelo de aprendizaje automático en Amazon SageMaker Autopilot. SageMaker Autopilot crea, entrena y ajusta automáticamente los mejores modelos de aprendizaje automático en función de sus datos. Con SageMaker Autopilot, aún mantiene el control y la visibilidad totales de sus datos y modelos. También puede utilizar las funciones preparadas en SageMaker Data Wrangler con sus modelos existentes. Puede configurar los trabajos de procesamiento de Amazon SageMaker Data Wrangler para que se ejecuten como parte de su proceso de formación de SageMaker, ya sea configurando el trabajo en la interfaz de usuario (UI) o exportando un cuaderno con el código de orquestación."
¿Cómo gestiona Amazon SageMaker Data Wrangler los datos nuevos una vez que he preparado mis funciones a partir de datos históricos?,"Puede configurar e iniciar los trabajos de procesamiento de Amazon SageMaker directamente desde la interfaz de usuario de SageMaker Data Wrangler, lo que incluye programar los trabajos de procesamiento de datos y parametrizar las fuentes de datos para transformar fácilmente nuevos lotes de datos a escala."
¿Cómo funciona Amazon SageMaker Data Wrangler con mis procesos de CI/CD?,"Una vez que haya preparado los datos, Amazon SageMaker Data Wrangler ofrece diferentes opciones para pasar del flujo de SageMaker Data Wrangler a la fase de producción y se integra a la perfección con las funciones de MLOps y CI/CD. Puede configurar e iniciar los trabajos de procesamiento de SageMaker directamente desde la interfaz de usuario de SageMaker Data Wrangler, lo que incluye programar los trabajos de procesamiento de datos y parametrizar las fuentes de datos para transformar fácilmente nuevos lotes de datos a escala. Como alternativa, SageMaker Data Wrangler se integra a la perfección con el procesamiento de SageMaker y el contenedor SageMaker Spark, lo que le permite utilizar fácilmente los SDK de SageMaker para integrar SageMaker Data Wrangler en su flujo de trabajo de producción."
¿Qué modelo utiliza Amazon SageMaker Data Wrangler Quick Model?,"Con tan solo pulsar un botón, Amazon SageMaker Data Wrangler divide y entrena un modelo XGBoost con hiperparámetros predeterminados. En función del tipo de problema, SageMaker Data Wrangler proporciona un resumen del modelo, un resumen de las funciones y una matriz de confusión para proporcionarle información rápidamente para que pueda repetir sus flujos de preparación de datos."
¿Qué datos de tamaño admite Amazon SageMaker Data Wrangler?,"Amazon SageMaker Data Wrangler admite varias técnicas de muestreo, como el muestreo entre K, aleatorio y estratificado para importar datos, de modo que pueda transformar rápidamente sus datos con la interfaz de usuario de SageMaker Data Wrangler. Si utiliza conjuntos de datos grandes o anchos, puede aumentar el tamaño de la instancia de SageMaker Data Wrangler para mejorar el rendimiento. Una vez que haya creado el flujo, puede procesar todo el conjunto de datos mediante los trabajos de procesamiento de SageMaker Data Wrangler."
¿Amazon SageMaker Data Wrangler funciona con Amazon SageMaker Feature Store?,Puede configurar la tienda de funciones de Amazon SageMaker como destino para las funciones preparadas en Amazon SageMaker Data Wrangler. Esto puede hacerse directamente en la interfaz de usuario o puede exportar un bloc de notas generado específicamente para procesar datos con SageMaker Feature Store como destino.
¿Cómo guardo las funciones de mis modelos de aprendizaje automático?,"Amazon SageMaker Feature Store proporciona un repositorio central para las funciones de datos con lecturas y escrituras de baja latencia (milisegundos). Las funciones se pueden almacenar, recuperar, descubrir y compartir a través de la tienda de funciones de SageMaker para reutilizarlas con facilidad en todos los modelos y equipos, con un acceso y un control seguros. SageMaker Feature Store admite funciones en línea y fuera de línea generadas mediante procesos de transmisión por lotes o de streaming. Permite completar las funciones y ofrece tiendas en línea y fuera de línea para mantener la paridad entre las funciones utilizadas en el entrenamiento y la inferencia de modelos."
¿Cómo mantengo la coherencia entre las funciones en línea y fuera de línea?,Amazon SageMaker Feature Store mantiene automáticamente la coherencia entre las funciones en línea y fuera de línea sin administración ni código adicionales. La tienda de funciones de SageMaker está totalmente gestionada y mantiene la coherencia en todos los entornos de entrenamiento e inferencia.
¿Cómo puedo reproducir una función de un momento dado?,Amazon SageMaker Feature Store mantiene marcas de tiempo para todas las funciones en todo momento. Esto le ayuda a recuperar las funciones en cualquier período de tiempo para cumplir con los requisitos empresariales o de cumplimiento. Puede explicar fácilmente las funciones del modelo y sus valores desde que se crearon por primera vez hasta la actualidad reproduciendo el modelo de un momento determinado.
¿Qué son las funciones offline?,Las funciones sin conexión se utilizan para el entrenamiento porque es necesario acceder a volúmenes muy grandes durante un período de tiempo prolongado. Estas funciones se ofrecen desde un repositorio de alto rendimiento y gran ancho de banda.
¿Qué son las funciones online?,Las funciones en línea se utilizan en las aplicaciones necesarias para realizar predicciones en tiempo real. Las funciones en línea se ofrecen desde un repositorio de alto rendimiento con una latencia de milisegundos de un solo dígito para realizar predicciones rápidas.
¿Cómo funcionan los precios de la tienda de funciones de Amazon SageMaker?,"Puede comenzar a utilizar Amazon SageMaker Feature Store de forma gratuita, como parte de la capa gratuita de AWS. Con SageMaker Feature Store, paga por escribir en la tienda de características y por leer y almacenar en la tienda de características en línea. Para obtener más información sobre los precios, consulte la página de precios de SageMaker."
¿Qué ofrece Amazon SageMaker para el etiquetado de datos?,"Amazon SageMaker ofrece dos ofertas de etiquetado de datos: Amazon SageMaker Ground Truth Plus y Amazon SageMaker Ground Truth. Ambas opciones le permiten identificar datos sin procesar, como imágenes, archivos de texto y vídeos, y añadir etiquetas informativas para crear conjuntos de datos de entrenamiento de alta calidad para sus modelos de aprendizaje automático. Para obtener más información, visite la página web de etiquetado de datos de SageMaker."
¿Qué son los datos geoespaciales?,"Los datos geoespaciales representan características u objetos en la superficie de la Tierra. El primer tipo de datos geoespaciales son los datos vectoriales, que utilizan geometrías bidimensionales, como puntos, líneas o polígonos, para representar objetos como carreteras y límites terrestres. El segundo tipo de datos geoespaciales son los datos ráster, como las imágenes capturadas por satélites, plataformas aéreas o datos de teledetección. Este tipo de datos usa una matriz de píxeles para definir dónde se encuentran las entidades. Puede usar formatos ráster para almacenar datos que varían. Un tercer tipo de datos geoespaciales son los datos de ubicación geoetiquetados. Incluye puntos de interés (por ejemplo, la Torre Eiffel), publicaciones en redes sociales etiquetadas con la ubicación, coordenadas de latitud y longitud o diferentes estilos y formatos de direcciones postales."
¿Qué son las capacidades geoespaciales de Amazon SageMaker?,"Las capacidades geoespaciales de Amazon SageMaker facilitan a los científicos de datos y a los ingenieros de aprendizaje automático (ML) la creación, el entrenamiento y la implementación de modelos de aprendizaje automático para realizar predicciones con datos geoespaciales. Puede traer sus propios datos, por ejemplo, los datos satelitales de Planet Labs de Amazon S3, o adquirir datos de Open Data en AWS, Amazon Location Service y otras fuentes de datos geoespaciales de Amazon SageMaker."
¿Por qué debo usar el aprendizaje automático geoespacial en Amazon SageMaker?,"Puede utilizar las capacidades geoespaciales de Amazon SageMaker para realizar predicciones sobre datos geoespaciales con mayor rapidez que las soluciones que puede hacer usted mismo. Las capacidades geoespaciales de Amazon SageMaker facilitan el acceso a los datos geoespaciales de los lagos de datos de sus clientes existentes, los conjuntos de datos de código abierto y otras fuentes de datos geoespaciales de Amazon SageMaker. Las capacidades geoespaciales de Amazon SageMaker minimizan la necesidad de crear una infraestructura personalizada y funciones de preprocesamiento de datos al ofrecer algoritmos diseñados específicamente para la preparación eficiente de los datos, el entrenamiento de modelos y la inferencia. También puede crear y compartir visualizaciones y datos personalizados con su organización desde Amazon SageMaker Studio. Las capacidades geoespaciales de Amazon SageMaker incluyen modelos previamente entrenados para usos comunes en la agricultura, el sector inmobiliario, los seguros y los servicios financieros."
¿Qué son los blocs de notas de Amazon SageMaker Studio?,"Los blocs de notas Amazon SageMaker Studio son cuadernos Jupyter gestionados, colaborativos y de inicio rápido. Los blocs de notas Amazon SageMaker Studio se integran con herramientas de aprendizaje automático diseñadas específicamente en SageMaker y otros servicios de AWS para el desarrollo integral del aprendizaje automático en Amazon SageMaker Studio, el entorno de desarrollo (IDE) totalmente integrado para el aprendizaje automático."
¿En qué se diferencian los blocs de notas Amazon SageMaker Studio de los blocs de notas basados en instancias?,"Los blocs de notas de SageMaker Studio ofrecen algunas funciones importantes que los diferencian de los blocs de notas basados en instancias. Con los blocs de notas Studio, puede iniciar rápidamente los blocs de notas sin necesidad de aprovisionar manualmente una instancia y esperar a que esté operativa. El tiempo de inicio necesario para iniciar la interfaz de usuario para leer y ejecutar un bloc de notas es más rápido que el de los blocs de notas basados en instancias. También tienes la flexibilidad de elegir entre una gran colección de tipos de instancias desde la interfaz de usuario en cualquier momento. No necesita ir a la consola de administración de AWS para crear nuevas instancias y transferir sus blocs de notas. Cada usuario tiene un directorio principal aislado e independiente de una instancia concreta. Este directorio se monta automáticamente en todos los kernels y servidores de notebooks al iniciarse, de modo que puede acceder a sus blocs de notas y otros archivos incluso cuando cambie de instancia para ver y ejecutar sus blocs de notas. Los blocs de notas de SageMaker Studio están integrados en AWS IAM Identity Center (sucesor de AWS SSO), lo que facilita el uso de las credenciales de su organización para acceder a los blocs de notas. El uso compartido de blocs de notas es una función integrada en los blocs de notas de SageMaker Studio. Puede compartir sus blocs de notas con sus compañeros con un solo clic o incluso coeditar un bloc de notas al mismo tiempo."
¿Cómo funcionan los blocs de notas Amazon SageMaker Studio?,"Los blocs de notas de Amazon SageMaker Studio son blocs de notas de Jupyter con un solo clic que se pueden girar rápidamente. Los recursos informáticos subyacentes son totalmente elásticos, por lo que puede aumentar o reducir fácilmente los recursos disponibles y los cambios se realizan automáticamente en segundo plano sin interrumpir el trabajo. SageMaker también permite compartir blocs de notas con un solo clic. Puede compartir fácilmente los blocs de notas con otras personas y ellos obtendrán exactamente el mismo bloc de notas, guardado en el mismo lugar. Con los blocs de notas de SageMaker Studio, puede iniciar sesión con sus credenciales corporativas mediante AWS IAM Identity Center (sucesor de AWS SSO). Es fácil compartir libretas dentro de los equipos y entre ellos, ya que las dependencias necesarias para ejecutar una libreta se registran automáticamente en imágenes de trabajo que se encapsulan en la libreta a medida que se comparte."
¿Qué son los espacios compartidos en Amazon SageMaker?,"Los profesionales del aprendizaje automático pueden crear un espacio de trabajo compartido en el que los compañeros de equipo puedan leer y editar los blocs de notas de Amazon SageMaker Studio juntos. Al utilizar los ritmos compartidos, los compañeros de equipo pueden editar conjuntamente el mismo archivo de bloc de notas, ejecutar el código del bloc de notas de forma simultánea y revisar los resultados juntos para eliminar las idas y cerrar de ojos y agilizar la colaboración. En los espacios compartidos, los equipos de aprendizaje automático contarán con soporte integrado para servicios como BitBucket y AWS CodeCommit, de modo que puedan administrar fácilmente diferentes versiones de sus cuadernos y comparar los cambios a lo largo del tiempo. Todos los recursos creados desde los cuadernos, como los experimentos y los modelos de aprendizaje automático, se guardan automáticamente y se asocian al espacio de trabajo específico en el que se crearon para que los equipos puedan organizarse más fácilmente y acelerar el desarrollo de modelos de aprendizaje automático."
¿Cómo funcionan los blocs de notas de Amazon SageMaker Studio con otros servicios de AWS?,"Los blocs de notas de Amazon SageMaker Studio le permiten acceder a todas las funciones de SageMaker, como la formación distribuida, la transformación por lotes, el alojamiento y la administración de experimentos. Puede acceder a otros servicios, como los conjuntos de datos de Amazon S3, Amazon Redshift, AWS Glue, Amazon EMR o AWS Lake Formation, desde los blocs de notas de SageMaker."
¿Cómo funcionan los precios de los blocs de notas Amazon SageMaker Studio?,"Al usar los blocs de notas de SageMaker Studio, paga tanto por el procesamiento como por el almacenamiento. Consulte los precios de Amazon SageMaker para ver los cargos por tipo de instancia de cómputo. Sus blocs de notas y los artefactos asociados, como los archivos de datos y los scripts, se conservan en Amazon EFS. Consulte los precios de Amazon EFS para conocer los cargos por almacenamiento. Como parte de la capa gratuita de AWS, puede empezar a utilizar los blocs de notas Amazon SageMaker Studio de forma gratuita."
¿Se me cobrará por separado por cada bloc de notas creado y ejecutado en SageMaker Studio?,"No. Puede crear y ejecutar varios blocs de notas en la misma instancia de procesamiento. Solo paga por la computación que usa, no por elementos individuales. Puedes obtener más información sobre esto en nuestra guía de medición. Además de los blocs de notas, también puede iniciar y ejecutar terminales y shells interactivos en SageMaker Studio, todo en la misma instancia de procesamiento. Cada aplicación se ejecuta en un contenedor o una imagen. SageMaker Studio proporciona varias imágenes integradas diseñadas específicamente y preconfiguradas para la ciencia de datos y el aprendizaje automático. Puede obtener más información sobre el entorno para desarrolladores de SageMaker Studio en la guía sobre el uso de los blocs de notas de SageMaker Studio."
¿Cómo superviso y cierro los recursos que utilizan mis blocs de notas?,Puede supervisar y cerrar los recursos que utilizan sus blocs de notas de SageMaker Studio a través de la interfaz visual de SageMaker Studio y de la consola de administración de AWS. Consulte la documentación para obtener más información.
"Utilizo un bloc de notas de SageMaker Studio. ¿Se me seguirá cobrando si cierro el navegador, la pestaña del bloc de notas o simplemente dejo el navegador abierto?","Sí, se te seguirá cobrando por el procesamiento. Esto es similar a iniciar las instancias de Amazon EC2 en la consola de administración de AWS y, a continuación, cerrar el navegador. Las instancias de Amazon EC2 siguen en ejecución y se le seguirán cobrando, a menos que cierre la instancia de forma explícita."
¿Se me cobrará por crear y configurar un dominio de Amazon SageMaker Studio?,"No, no se le cobrará nada por crear o configurar un dominio de Amazon SageMaker Studio, lo que incluye añadir, actualizar y eliminar perfiles de usuario."
¿Cómo puedo ver los cargos detallados de los blocs de notas de Amazon SageMaker Studio u otros servicios de Amazon SageMaker?,"Como administrador, puede ver la lista de cargos detallados de Amazon SageMaker, incluido SageMaker Studio, en la consola de facturación de AWS. En la consola de administración de AWS para SageMaker, elija Servicios en el menú superior, escriba «facturación» en el cuadro de búsqueda y seleccione Facturación en el menú desplegable y, a continuación, seleccione Facturas en el panel izquierdo. En la sección de detalles, puede hacer clic en SageMaker para ampliar la lista de regiones y ver los cargos detallados."
¿Qué es Amazon SageMaker Studio Lab?,"Amazon SageMaker Studio Lab es un entorno de desarrollo de aprendizaje automático gratuito que proporciona informática, almacenamiento (hasta 15 GB) y seguridad, todo ello sin coste alguno, para que cualquier persona aprenda y experimente con el aprendizaje automático. Todo lo que necesita para empezar es un ID de correo electrónico válido; no necesita configurar la infraestructura ni administrar la identidad y el acceso, ni siquiera registrarse para obtener una cuenta de AWS. SageMaker Studio Lab acelera la creación de modelos mediante la integración con GitHub y viene preconfigurado con las herramientas, marcos y bibliotecas de aprendizaje automático más populares para que pueda empezar de inmediato. SageMaker Studio Lab guarda automáticamente su trabajo, por lo que no necesita reiniciarlo entre sesiones. Es tan fácil como cerrar el portátil y volver más tarde."
¿Por qué debo usar Amazon SageMaker Studio Lab?,"Amazon SageMaker Studio Lab es para estudiantes, investigadores y científicos de datos que necesitan un entorno de desarrollo de cuadernos gratuito sin necesidad de configuración para sus clases y experimentos de aprendizaje automático. SageMaker Studio Lab es ideal para los usuarios que no necesitan un entorno de producción, pero que desean disponer de un subconjunto de las funciones de SageMaker para mejorar sus habilidades de aprendizaje automático. Las sesiones de SageMaker se guardan automáticamente, lo que permite a los usuarios continuar donde las dejaron cada sesión de usuario."
¿Cómo funciona Amazon SageMaker Studio Lab con otros servicios de AWS?,"Amazon SageMaker Studio Lab es un servicio creado en AWS y utiliza muchos de los mismos servicios principales que Amazon SageMaker Studio, como Amazon S3 y Amazon EC2. A diferencia de los demás servicios, los clientes no necesitarán una cuenta de AWS. En su lugar, crearán una cuenta específica de Amazon SageMaker Studio Lab con una dirección de correo electrónico. Esto permitirá al usuario acceder a un entorno limitado (15 GB de almacenamiento y sesiones de 12 horas) para poder ejecutar blocs de notas de aprendizaje automático."
¿Qué es Amazon SageMaker Canvas?,"Amazon SageMaker Canvas es un servicio visual de arrastrar y soltar que permite a los analistas empresariales crear modelos de aprendizaje automático y generar predicciones precisas sin escribir código ni requerir conocimientos de aprendizaje automático. SageMaker Canvas facilita el acceso a los datos de diversas fuentes y su combinación, la limpieza automática de los datos y la aplicación de diversos ajustes de datos, y la creación de modelos de aprendizaje automático para generar predicciones precisas con un solo clic. También puede publicar fácilmente los resultados, explicar e interpretar los modelos y compartirlos con otras personas de su organización para que los revisen."
¿Qué fuentes de datos admite Amazon SageMaker Canvas?,"Amazon SageMaker Canvas le permite descubrir sin problemas las fuentes de datos de AWS a las que tiene acceso su cuenta, como Amazon S3 y Amazon Redshift. Puede explorar e importar datos mediante la interfaz visual de arrastrar y soltar de SageMaker Canvas. Además, puede arrastrar y soltar archivos desde el disco local y utilizar conectores prediseñados para importar datos de fuentes de terceros, como Snowflake."
¿Cómo creo un modelo de aprendizaje automático para generar predicciones precisas en Amazon SageMaker Canvas?,"Una vez que haya conectado las fuentes, seleccionado un conjunto de datos y preparado los datos, puede seleccionar la columna de destino que desee predecir para iniciar un trabajo de creación de modelos. Amazon SageMaker Canvas identificará automáticamente el tipo de problema, generará nuevas funciones relevantes, probará un conjunto completo de modelos de predicción mediante técnicas de aprendizaje automático, como la regresión lineal, la regresión logística, el aprendizaje profundo, la previsión de series temporales y el aumento de gradientes, y creará el modelo que haga predicciones precisas basándose en su conjunto de datos."
¿Cuánto tiempo lleva crear un modelo en Amazon SageMaker Canvas? ¿Cómo puedo supervisar el progreso durante la creación del modelo?,"El tiempo que se tarda en crear un modelo depende del tamaño del conjunto de datos. Los conjuntos de datos pequeños pueden tardar menos de 30 minutos y los conjuntos de datos grandes pueden tardar algunas horas. A medida que avanza el trabajo de creación del modelo, Amazon SageMaker Canvas proporciona actualizaciones visuales detalladas, que incluyen el porcentaje de trabajos completados y el tiempo restante para completarlos."
¿Qué es Amazon SageMaker Experiments?,"Amazon SageMaker Experiments le ayuda a organizar y realizar un seguimiento de las iteraciones en modelos de aprendizaje automático. SageMaker Experiments le ayuda a administrar las iteraciones al capturar automáticamente los parámetros de entrada, las configuraciones y los resultados, y almacenarlos como «experimentos». Puede trabajar en la interfaz visual de Amazon SageMaker Studio, donde puede explorar los experimentos activos, buscar experimentos anteriores por sus características, revisar los experimentos anteriores con sus resultados y compararlos visualmente."
¿Qué es Amazon SageMaker Debugger?,"Amazon SageMaker Debugger captura automáticamente las métricas en tiempo real durante el entrenamiento, como las matrices de confusión y los gradientes de aprendizaje, para ayudar a mejorar la precisión del modelo. Las métricas de SageMaker Debugger se pueden visualizar en Amazon SageMaker Studio para facilitar su comprensión. SageMaker Debugger también puede generar advertencias y consejos de corrección cuando se detectan problemas de entrenamiento comunes. SageMaker Debugger también supervisa y perfila automáticamente los recursos del sistema, como las CPU, las GPU, la red y la memoria, en tiempo real, y ofrece recomendaciones sobre la reasignación de estos recursos. Esto le permite utilizar los recursos de manera eficiente durante la formación y ayuda a reducir los costes y los recursos."
¿Amazon SageMaker admite la formación distribuida?,"Sí. Amazon SageMaker puede distribuir automáticamente modelos de aprendizaje profundo y conjuntos de entrenamiento de gran tamaño en las instancias de GPU de AWS en una fracción del tiempo que lleva crear y optimizar estas estrategias de distribución de forma manual. Las dos técnicas de entrenamiento distribuido que aplica SageMaker son el paralelismo de datos y el paralelismo de modelos. El paralelismo de datos se aplica para mejorar las velocidades de entrenamiento al dividir los datos en partes iguales entre varias instancias de GPU, lo que permite que cada instancia se entrene de forma simultánea. El paralelismo de modelos es útil para modelos demasiado grandes como para almacenarlos en una sola GPU y requieren que el modelo se divida en partes más pequeñas antes de distribuirlo en varias GPU. Con solo unas pocas líneas de código adicional en sus scripts de entrenamiento de PyTorch y TensorFlow, SageMaker aplicará automáticamente el paralelismo de datos o el paralelismo de modelos, lo que le permitirá desarrollar e implementar sus modelos con mayor rapidez. SageMaker determinará el mejor enfoque para dividir el modelo mediante el uso de algoritmos de particionamiento de gráficos para equilibrar el cálculo de cada GPU y, al mismo tiempo, minimizar la comunicación entre las instancias de la GPU. SageMaker también optimiza sus tareas de formación distribuidas mediante algoritmos que utilizan al máximo los recursos informáticos y de red de AWS para lograr una eficiencia de escalado casi lineal, lo que le permite completar la formación más rápido que con las implementaciones manuales de código abierto."
¿Qué es Amazon SageMaker Training Compiler?,"Amazon SageMaker Training Compiler es un compilador de aprendizaje profundo (DL) que acelera el entrenamiento de modelos de aprendizaje profundo hasta en un 50 por ciento mediante optimizaciones a nivel de gráficos y núcleos para utilizar las GPU de manera más eficiente. El compilador de formación de SageMaker está integrado con las versiones de TensorFlow y PyTorch de SageMaker, por lo que puede acelerar el entrenamiento en estos marcos populares con cambios mínimos en el código."
¿Cómo funciona Amazon SageMaker Training Compiler?,"Amazon SageMaker Training Compiler acelera los trabajos de entrenamiento al convertir los modelos DL de su representación lingüística de alto nivel en instrucciones optimizadas para el hardware que se entrenan más rápido que los trabajos con los marcos nativos. Más específicamente, SageMaker Training Compiler utiliza la optimización a nivel de gráficos (fusión de operadores, planificación de la memoria y simplificación algebraica), optimizaciones a nivel de flujo de datos (transformación del diseño, eliminación de subexpresiones comunes) y optimizaciones de backend (ocultación de la latencia de la memoria, optimizaciones orientadas a bucles) para producir un trabajo de entrenamiento de modelos optimizado que utilice los recursos de hardware de manera más eficiente y, como resultado, entrene más rápido."
¿Cómo puedo usar Amazon SageMaker Training Compiler?,"El compilador de capacitación de Amazon SageMaker está integrado en el SDK de Python de SageMaker y en los contenedores de aprendizaje profundo Hugging Face de SageMaker. No necesita cambiar sus flujos de trabajo para acceder a sus ventajas de aceleración. Puede ejecutar los trabajos de formación de la misma forma que ya lo hace, utilizando cualquiera de las interfaces de SageMaker: instancias de cuaderno de Amazon SageMaker, Amazon SageMaker Studio, AWS SDK para Python (Boto3) y AWS Command Line Interface. Puede activar SageMaker Training Compiler añadiendo una clase TrainingCompilerConfig como parámetro al crear un objeto de estimación del marco de trabajo. En la práctica, esto significa añadir un par de líneas de código al script del trabajo de entrenamiento existente para una única instancia de GPU. La documentación detallada más actualizada, los cuadernos de muestra y los ejemplos están disponibles en la documentación."
¿Cuál es el precio de Amazon SageMaker Training Compiler?,"El compilador de formación es una función de formación de SageMaker y se ofrece sin coste adicional exclusivamente a los clientes de SageMaker. De hecho, los clientes pueden reducir sus costos con Training Compiler, ya que se reducen los tiempos de capacitación."
¿Qué es Managed Spot Training?,"La capacitación puntual gestionada con Amazon SageMaker le permite entrenar sus modelos de aprendizaje automático con instancias puntuales de Amazon EC2 y, al mismo tiempo, reducir el costo de la capacitación de sus modelos hasta en un 90%."
¿Cómo utilizo Managed Spot Training?,"Habilita la opción de formación puntual gestionada al enviar sus trabajos de formación y también especifica cuánto tiempo quiere esperar para obtener capacidad puntual. A continuación, Amazon SageMaker utilizará las instancias puntuales de Amazon EC2 para ejecutar su trabajo y gestionar la capacidad puntual. Tendrá una visibilidad completa del estado de sus trabajos de formación, tanto mientras están en ejecución como mientras esperan a que se agote su capacidad."
¿Cuándo debo usar Managed Spot Training?,"Managed Spot Training es ideal cuando dispones de flexibilidad a la hora de realizar tus sesiones de entrenamiento y cuando quieres minimizar el coste de tus tareas de formación. Con Managed Spot Training, puede reducir el costo de entrenamiento de sus modelos de aprendizaje automático hasta en un 90%."
¿Cómo funciona Managed Spot Training?,"Managed Spot Training utiliza instancias puntuales de Amazon EC2 para la formación, y estas instancias se pueden reemplazar cuando AWS necesita capacidad. Como resultado, los trabajos de Managed Spot Training pueden ejecutarse en pequeños incrementos a medida que haya capacidad disponible. No es necesario reiniciar los trabajos de formación desde cero cuando se produce una interrupción, ya que Amazon SageMaker puede reanudarlos utilizando el punto de control del modelo más reciente. Los marcos integrados y los algoritmos de visión artificial integrados con SageMaker permiten realizar puntos de control periódicos, y puede habilitar puntos de control con modelos personalizados."
¿Necesito hacer controles periódicos con Managed Spot Training?,"Recomendamos los puntos de control periódicos como práctica recomendada general para los trabajos de entrenamiento de larga duración. Esto evita que los trabajos de Managed Spot Training se reinicien si se agota la capacidad. Al habilitar los puntos de control, Amazon SageMaker reanuda los trabajos de capacitación puntual gestionada desde el último punto de control."
¿Cómo se calcula el ahorro de costes con los trabajos de Managed Spot Training?,"Una vez que haya completado un trabajo de Managed Spot Training, podrá ver los ahorros en la consola de administración de AWS y también calcularlos como la diferencia porcentual entre la duración del trabajo de capacitación y la duración por la que se le facturó. Independientemente del número de veces que se interrumpan sus trabajos de Managed Spot Training, solo se le cobrará una vez por el tiempo durante el cual se descargaron los datos."
¿Qué instancias puedo usar con Managed Spot Training?,Managed Spot Training se puede usar con todas las instancias compatibles con Amazon SageMaker.
¿Qué regiones de AWS son compatibles con Managed Spot Training?,La capacitación puntual gestionada es compatible en todas las regiones de AWS en las que Amazon SageMaker está disponible actualmente.
¿Hay límites en cuanto al tamaño del conjunto de datos que puedo usar para la capacitación?,No hay límites fijos en cuanto al tamaño del conjunto de datos que puede utilizar para entrenar modelos con Amazon SageMaker.
¿Qué algoritmos utiliza Amazon SageMaker para generar modelos?,"Amazon SageMaker incluye algoritmos integrados para la regresión lineal, la regresión logística, la agrupación en clústeres k-means, el análisis de componentes principales, las máquinas de factorización, el modelado de temas neuronales, la asignación de dirichlets latentes, los árboles potenciados por gradientes, la secuencia 2 secuencia, la predicción de series temporales, word2vec y la clasificación de imágenes. SageMaker también proporciona contenedores optimizados para Apache MXNet, Tensorflow, Chainer, PyTorch, Gluon, Keras, Horovod, Scikit-learn y Deep Graph Library. Además, Amazon SageMaker admite sus algoritmos de entrenamiento personalizados proporcionados a través de una imagen de Docker que cumple con las especificaciones documentadas."
¿Qué es el ajuste automático de modelos?,La mayoría de los algoritmos de aprendizaje automático exponen una variedad de parámetros que controlan el funcionamiento del algoritmo subyacente. Estos parámetros se denominan generalmente hiperparámetros y sus valores afectan a la calidad de los modelos entrenados. El ajuste automático del modelo es el proceso de encontrar un conjunto de hiperparámetros para un algoritmo que pueda generar un modelo óptimo.
¿Qué modelos se pueden ajustar con el ajuste automático de modelos?,"Puede ejecutar el ajuste automático del modelo en Amazon SageMaker sobre cualquier algoritmo, siempre que sea científicamente posible, incluidos los algoritmos integrados de SageMaker, las redes neuronales profundas o los algoritmos arbitrarios que incorpore a SageMaker en forma de imágenes de Docker."
¿Puedo usar el ajuste automático de modelos fuera de Amazon SageMaker?,No en este momento. Amazon SageMaker ofrece la mejor experiencia y rendimiento de ajuste de modelos.
¿Cuál es el algoritmo de ajuste subyacente para el ajuste automático de modelos?,"Actualmente, el algoritmo para ajustar los hiperparámetros es una implementación personalizada de la optimización bayesiana. Su objetivo es optimizar una métrica objetiva especificada por el cliente durante todo el proceso de ajuste. Concretamente, comprueba la métrica de objetos de los trabajos de formación finalizados y utiliza los conocimientos para inferir la combinación de hiperparámetros para el siguiente trabajo de formación."
¿El ajuste automático de modelos recomienda hiperparámetros específicos para el ajuste?,"No. La forma en que ciertos hiperparámetros afectan al rendimiento del modelo depende de varios factores, y es difícil decir definitivamente que un hiperparámetro es más importante que los demás y, por lo tanto, debe ajustarse. En el caso de los algoritmos integrados en Amazon SageMaker, determinamos si un hiperparámetro es ajustable o no."
¿Cuánto dura un trabajo de ajuste de hiperparámetros?,"La duración de un trabajo de ajuste de hiperparámetros depende de varios factores, como el tamaño de los datos, el algoritmo subyacente y los valores de los hiperparámetros. Además, los clientes pueden elegir el número de trabajos de formación simultáneos y el número total de trabajos de formación. Todas estas opciones afectan a la duración de un trabajo de ajuste de hiperparámetros."
"¿Puedo optimizar varios objetivos de forma simultánea, por ejemplo, optimizar un modelo para que sea rápido y preciso?","No en este momento. Actualmente, necesitas especificar una única métrica objetiva para optimizar o cambiar el código del algoritmo para emitir una nueva métrica, que es un promedio ponderado entre dos o más métricas útiles, y optimizar el proceso de ajuste para alcanzar esa métrica objetivo."
¿Cuánto cuesta el ajuste automático de modelos?,"La tarea de ajuste de hiperparámetros en sí misma no conlleva ningún coste. Se le cobrará en función de los trabajos de formación que inicie el trabajo de ajuste de hiperparámetros, según los precios de formación del modelo."
¿Cómo puedo decidir usar el piloto automático o el ajuste automático de modelos de Amazon SageMaker?,"Amazon SageMaker Autopilot automatiza todo lo relacionado con un flujo de trabajo de aprendizaje automático típico, incluido el preprocesamiento de funciones, la selección de algoritmos y el ajuste de hiperparámetros, al tiempo que se centra específicamente en los casos de uso de clasificación y regresión. El ajuste automático de modelos, por otro lado, está diseñado para ajustar cualquier modelo, independientemente de si se basa en algoritmos integrados, marcos de aprendizaje profundo o contenedores personalizados. A cambio de esta flexibilidad, debe seleccionar manualmente el algoritmo específico, los hiperparámetros que desea ajustar y los rangos de búsqueda correspondientes."
¿Qué es el aprendizaje por refuerzo?,El aprendizaje por refuerzo es una técnica de aprendizaje automático que permite a un agente aprender en un entorno interactivo mediante ensayo y error utilizando los comentarios de sus propias acciones y experiencias.
¿Puedo entrenar modelos de aprendizaje por refuerzo en Amazon SageMaker?,"Sí, puede entrenar modelos de aprendizaje por refuerzo en Amazon SageMaker, además de modelos de aprendizaje supervisados y no supervisados."
¿En qué se diferencia el aprendizaje por refuerzo del aprendizaje supervisado?,"Si bien tanto el aprendizaje supervisado como el de refuerzo utilizan el mapeo entre la entrada y la salida, a diferencia del aprendizaje supervisado, en el que los comentarios que se proporcionan al agente son el conjunto correcto de acciones para realizar una tarea, el aprendizaje por refuerzo utiliza una retroalimentación diferida en la que las señales de recompensa se optimizan para garantizar un objetivo a largo plazo mediante una secuencia de acciones."
¿Cuándo debo utilizar el aprendizaje por refuerzo?,"Si bien el objetivo de las técnicas de aprendizaje supervisado es encontrar la respuesta correcta en función de los patrones de los datos de entrenamiento, el objetivo de las técnicas de aprendizaje no supervisado es encontrar similitudes y diferencias entre los puntos de datos. Por el contrario, el objetivo de las técnicas de aprendizaje por refuerzo (RL) es aprender cómo lograr un resultado deseado incluso cuando no está claro cómo lograrlo. Como resultado, la RL es más adecuada para habilitar aplicaciones inteligentes en las que un agente puede tomar decisiones de forma autónoma, como la robótica, los vehículos autónomos, la climatización, el control industrial y más."
¿Qué tipo de entornos puedo usar para entrenar modelos de RL?,"Amazon SageMaker RL admite varios entornos diferentes para entrenar modelos de RL. Puede utilizar servicios de AWS, como AWS RoboMaker, entornos de código abierto o entornos personalizados desarrollados con interfaces de Open AI Gym, o entornos de simulación comerciales, como MATLAB y Simulink."
¿Necesito escribir mis propios algoritmos de agente de RL para entrenar los modelos de RL?,"No, Amazon SageMaker RL incluye kits de herramientas de RL, como Coach y Ray RLLib, que ofrecen implementaciones de algoritmos de agentes de RL, como DQN, PPO, A3C y muchos más."
¿Puedo traer mis propias bibliotecas de URL e implementación de algoritmos y ejecutarlas en Amazon SageMaker RL?,"Sí, puede traer sus propias bibliotecas de RL e implementaciones de algoritmos a Docker Containers y ejecutarlas en Amazon SageMaker RL."
¿Puedo realizar implementaciones distribuidas con Amazon SageMaker RL?,Sí. Incluso puedes seleccionar un clúster heterogéneo en el que el entrenamiento pueda ejecutarse en una instancia de GPU y las simulaciones en varias instancias de CPU.
¿Qué opciones de implementación ofrece Amazon SageMaker?,"Después de crear y entrenar los modelos, Amazon SageMaker ofrece tres opciones para implementarlos, de modo que pueda empezar a hacer predicciones. La inferencia en tiempo real es adecuada para cargas de trabajo con requisitos de latencia de milisegundos, tamaños de carga de hasta 6 MB y tiempos de procesamiento de hasta 60 segundos. La transformación por lotes es ideal para realizar predicciones fuera de línea sobre grandes lotes de datos que están disponibles por adelantado. La inferencia asincrónica está diseñada para cargas de trabajo que no tienen requisitos de latencia inferiores a un segundo, tamaños de carga de hasta 1 GB y tiempos de procesamiento de hasta 15 minutos."
¿Qué es la inferencia asincrónica de Amazon SageMaker?,"Amazon SageMaker Asynchronous Inference pone en cola las solicitudes entrantes y las procesa de forma asíncrona. Esta opción es ideal para solicitudes con cargas de gran tamaño o tiempos de procesamiento prolongados que deben procesarse a medida que llegan. Si lo desea, puede configurar los ajustes de escalado automático para reducir el recuento de instancias a cero cuando no procese las solicitudes de forma activa, a fin de ahorrar costos."
¿Cómo configuro los ajustes de escalado automático para reducir el recuento de instancias a cero cuando no se procesan las solicitudes de forma activa?,"Puede reducir el recuento de instancias de punto final de inferencia asincrónica de Amazon SageMaker a cero para ahorrar costes cuando no procese solicitudes de forma activa. Debe definir una política de escalado que se base en la métrica personalizada «ApproximateBacklogPerInstance» y establecer el valor «minCapacity» en cero. Para obtener instrucciones paso a paso, consulta la sección sobre escalabilidad automática de un punto final asincrónico de la guía para desarrolladores."
¿Qué es Amazon SageMaker Serverless Inference?,"Amazon SageMaker Serverless Inference es una opción de entrega de modelos sin servidor diseñada específicamente que facilita la implementación y el escalado de modelos de aprendizaje automático. Los puntos finales de SageMaker Serverless Inference inician automáticamente los recursos informáticos y los escalan en función del tráfico, lo que elimina la necesidad de elegir el tipo de instancia, ejecutar la capacidad aprovisionada o gestionar el escalado. Si lo desea, puede especificar los requisitos de memoria para su punto de conexión de inferencia sin servidor. Solo paga por la duración de la ejecución del código de inferencia y la cantidad de datos procesados, no por los períodos de inactividad."
¿Por qué debo usar Amazon SageMaker Serverless Inference?,"Amazon SageMaker Serverless Inference simplifica la experiencia del desarrollador al eliminar la necesidad de aprovisionar capacidad por adelantado y administrar las políticas de escalado. SageMaker Serverless Inference puede escalar de forma instantánea de decenas a miles de inferencias en cuestión de segundos en función de los patrones de uso, lo que resulta ideal para aplicaciones de aprendizaje automático con tráfico intermitente o impredecible. Por ejemplo, un servicio de chatbot utilizado por una empresa de procesamiento de nóminas registra un aumento de consultas al final del mes, mientras que el resto del mes el tráfico es intermitente. En estos casos, aprovisionar instancias durante todo el mes no es rentable, ya que se terminan pagando los períodos de inactividad. SageMaker Serverless Inference ayuda a abordar este tipo de casos de uso, ya que permite un escalado rápido y automático desde el primer momento, sin necesidad de pronosticar el tráfico por adelantado ni gestionar políticas de escalado. Además, solo paga por el tiempo de procesamiento necesario para ejecutar el código de inferencia (facturado en milisegundos) y por el procesamiento de los datos, lo que lo convierte en una opción rentable para las cargas de trabajo con tráfico intermitente."
¿Qué son las pruebas en la sombra de Amazon SageMaker?,"SageMaker le ayuda a realizar pruebas paralelas para evaluar un nuevo modelo de aprendizaje automático antes de su lanzamiento en producción, comprobando su rendimiento comparándolo con el modelo actualmente implementado. SageMaker implementa el nuevo modelo en modo de sombra junto con el modelo de producción actual y refleja una parte del tráfico de producción especificada por el usuario en el nuevo modelo. Si lo desea, registra las inferencias del modelo para compararlas sin conexión. También proporciona un panel dinámico con una comparación de las principales métricas de rendimiento, como la latencia y la tasa de error, entre los modelos de producción y los modelos alternativos, para ayudarle a decidir si desea promocionar el nuevo modelo a la fase de producción."
¿Por qué debo usar SageMaker para las pruebas de sombras?,"SageMaker simplifica el proceso de configuración y supervisión de las variantes de sombras para que puedas evaluar el rendimiento del nuevo modelo de aprendizaje automático en el tráfico de producciones en directo. SageMaker elimina la necesidad de organizar la infraestructura para las pruebas de sombras. Permite controlar los parámetros de las pruebas, como el porcentaje de tráfico reflejado en la variante oculta y la duración de la prueba. Como resultado, puede empezar con poco y aumentar las solicitudes de inferencia al nuevo modelo una vez que haya adquirido confianza en el rendimiento del modelo. SageMaker crea un panel en vivo que muestra las diferencias de rendimiento entre las métricas clave, de modo que pueda comparar fácilmente el rendimiento del modelo para evaluar en qué se diferencia el nuevo modelo del modelo de producción."
¿Qué es Amazon SageMaker Inference Recommender?,"Amazon SageMaker Inference Recommender es una nueva función de Amazon SageMaker que reduce el tiempo necesario para poner en producción los modelos de aprendizaje automático al automatizar la evaluación comparativa del rendimiento y ajustar el rendimiento de los modelos en las instancias de aprendizaje automático de SageMaker. Ahora puede utilizar SageMaker Inference Recommender para implementar su modelo en un punto final que ofrezca el mejor rendimiento y minimice los costes. Puede empezar a utilizar SageMaker Inference Recommender en cuestión de minutos mientras selecciona un tipo de instancia y obtener recomendaciones para la configuración óptima de los terminales en cuestión de horas, lo que elimina semanas de pruebas y ajustes manuales. Con SageMaker Inference Recommender, solo paga por las instancias de SageMaker ML utilizadas durante las pruebas de carga y no hay cargos adicionales."
¿Por qué debo usar Amazon SageMaker Inference Recommender?,"Debe utilizar SageMaker Inference Recommender si necesita recomendaciones sobre la configuración correcta del terminal a fin de mejorar el rendimiento y reducir los costos. Anteriormente, los científicos de datos que querían implementar sus modelos tenían que realizar comparativas manuales para seleccionar la configuración de punto final correcta. Primero tenían que seleccionar el tipo de instancia de aprendizaje automático correcto de entre los más de 70 tipos de instancias disponibles en función de los requisitos de recursos de sus modelos y las cargas útiles de muestra, y luego optimizar el modelo para tener en cuenta los distintos tipos de hardware. Luego, tuvieron que realizar pruebas de carga exhaustivas para validar que se cumplían los requisitos de latencia y rendimiento y que los costos eran bajos. SageMaker Inference Recommender elimina esta complejidad al permitirle: 1) comenzar en cuestión de minutos con una recomendación de instancias; 2) realizar pruebas de carga en distintos tipos de instancias para obtener recomendaciones sobre la configuración de su terminal en cuestión de horas; y 3) ajustar automáticamente los parámetros del contenedor y del servidor de modelos, así como realizar optimizaciones del modelo para un tipo de instancia determinado."
¿Cómo funciona Amazon SageMaker Inference Recommender con otros servicios de AWS?,"Los científicos de datos pueden acceder a Amazon SageMaker Inference Recommender desde SageMaker Studio, el SDK de AWS para Python (Boto3) o la CLI de AWS. Pueden obtener recomendaciones de implementación en SageMaker Studio en el registro de modelos de SageMaker para ver las versiones de modelos registradas. Los científicos de datos pueden buscar y filtrar las recomendaciones a través de SageMaker Studio, el SDK de AWS o la CLI de AWS."
¿Amazon SageMaker Inference Recommender puede admitir puntos de enlace de varios modelos o de varios contenedores?,"No, actualmente solo admitimos un modelo por punto de enlace."
¿Qué tipos de puntos finales admite SageMaker Inference Recommender?,Actualmente solo admitimos terminales en tiempo real.
¿Puedo usar SageMaker Inference Recommender en una región y realizar pruebas comparativas en diferentes regiones?,"En el momento del lanzamiento, admitiremos todas las regiones compatibles con Amazon SageMaker, excepto las regiones de AWS en China."
¿Amazon SageMaker Inference Recommender admite las instancias Inf1 de Amazon EC2?,"Sí, admitimos todos los tipos de contenedores. El Amazon EC2 Inf1, basado en el chip Inferentia de AWS, requiere un artefacto de modelo compilado mediante el compilador Neuron o Amazon SageMaker Neo. Una vez que tenga un modelo compilado para un objetivo de Inferentia y el URI de la imagen del contenedor asociado, puede utilizar Amazon SageMaker Inference Recommender para comparar diferentes tipos de instancias de Inferentia."
¿Qué es Amazon SageMaker Model Monitor?,"Amazon SageMaker Model Monitor permite a los desarrolladores detectar y corregir las desviaciones conceptuales. SageMaker Model Monitor detecta automáticamente las desviaciones conceptuales en los modelos implementados y proporciona alertas detalladas que ayudan a identificar el origen del problema. Todos los modelos entrenados en SageMaker emiten automáticamente métricas clave que se pueden recopilar y ver en Amazon SageMaker Studio. Desde SageMaker Studio, puede configurar los datos que se van a recopilar, cómo verlos y cuándo recibir las alertas."
¿Puedo acceder a la infraestructura en la que se ejecuta Amazon SageMaker?,"No. Amazon SageMaker gestiona la infraestructura informática en su nombre, lo que le permite realizar comprobaciones de estado, aplicar parches de seguridad y realizar otras tareas de mantenimiento rutinarias. También puede implementar los artefactos del modelo del entrenamiento con un código de inferencia personalizado en su propio entorno de alojamiento."
¿Cómo escalo el tamaño y el rendimiento de un modelo de Amazon SageMaker una vez que está en producción?,"El alojamiento de Amazon SageMaker se ajusta automáticamente al rendimiento necesario para su aplicación mediante Application Auto Scaling. Además, puede cambiar manualmente el número y el tipo de instancia sin incurrir en tiempos de inactividad modificando la configuración del punto de conexión."
¿Cómo superviso mi entorno de producción de Amazon SageMaker?,"Amazon SageMaker envía las métricas de rendimiento a Amazon CloudWatch Metrics para que pueda realizar un seguimiento de las métricas, configurar alarmas y reaccionar automáticamente ante los cambios en el tráfico de producción. Además, Amazon SageMaker escribe registros en Amazon CloudWatch Logs para que pueda supervisar y solucionar los problemas de su entorno de producción."
¿Qué tipos de modelos se pueden alojar en Amazon SageMaker?,Amazon SageMaker puede alojar cualquier modelo que cumpla con las especificaciones documentadas para inferir imágenes de Docker. Esto incluye los modelos creados a partir de códigos de inferencia y artefactos de modelos de Amazon SageMaker.
¿Cuántas solicitudes de API simultáneas en tiempo real admite Amazon SageMaker?,Amazon SageMaker está diseñado para escalar hasta un gran número de transacciones por segundo. El número exacto varía según el modelo implementado y el número y el tipo de instancias en las que se implementa el modelo.
¿Qué es Batch Transform?,"La transformación por lotes le permite ejecutar predicciones con datos de lotes grandes o pequeños. No es necesario dividir el conjunto de datos en varios fragmentos ni administrar puntos finales en tiempo real. Con una API sencilla, puede solicitar predicciones para una gran cantidad de registros de datos y transformar los datos de forma rápida y sencilla."
¿Qué es Amazon SageMaker Edge Manager?,"Amazon SageMaker Edge Manager facilita la optimización, la protección, la supervisión y el mantenimiento de los modelos de aprendizaje automático en flotas de dispositivos periféricos, como cámaras inteligentes, robots, ordenadores personales y dispositivos móviles. SageMaker Edge Manager ayuda a los desarrolladores de aprendizaje automático a utilizar modelos de aprendizaje automático en diversos dispositivos periféricos a escala."
¿Cómo puedo empezar a utilizar Amazon SageMaker Edge Manager?,"Para empezar a utilizar Amazon SageMaker Edge Manager, debe compilar y empaquetar los modelos de aprendizaje automático entrenados en la nube, registrar los dispositivos y prepararlos con el SDK de SageMaker Edge Manager. Para preparar el modelo para su implementación, SageMaker Edge Manager usa SageMaker Neo para compilarlo para el hardware periférico de destino. Una vez que se compila un modelo, SageMaker Edge Manager lo firma con una clave generada por AWS y, a continuación, empaqueta el modelo con su tiempo de ejecución y las credenciales necesarias para prepararlo para la implementación. En cuanto al dispositivo, debe registrarlo en SageMaker Edge Manager, descargar el SDK de SageMaker Edge Manager y, a continuación, seguir las instrucciones para instalar el agente de SageMaker Edge Manager en sus dispositivos. El cuaderno de tutoriales proporciona un ejemplo paso a paso de cómo preparar los modelos y conectarlos en dispositivos periféricos con SageMaker Edge Manager."
¿Qué dispositivos admite Amazon SageMaker Edge Manager?,"Amazon SageMaker Edge Manager es compatible con dispositivos comunes basados en CPU (ARM, x86) y GPU (ARM, Nvidia) con sistemas operativos Linux y Windows. Con el tiempo, SageMaker Edge Manager se ampliará para admitir más procesadores integrados y plataformas móviles que también son compatibles con SageMaker Neo."
¿Necesito usar Amazon SageMaker para entrenar mi modelo a fin de poder utilizar Amazon SageMaker Edge Manager?,"No, no lo tienes. Puede entrenar sus modelos en otro lugar o utilizar un modelo previamente entrenado de código abierto o de su proveedor de modelos."
¿Necesito usar Amazon SageMaker Neo para compilar mi modelo a fin de utilizar Amazon SageMaker Edge Manager?,"Sí, lo tienes. Amazon SageMaker Neo convierte y compila sus modelos en un ejecutable que puede empaquetar e implementar en sus dispositivos periféricos. Una vez implementado el paquete del modelo, el agente de Amazon SageMaker Edge Manager desempaquetará el paquete del modelo y lo ejecutará en el dispositivo."
¿Cómo puedo implementar modelos en los dispositivos periféricos?,Amazon SageMaker Edge Manager almacena el paquete modelo en el bucket de Amazon S3 que haya especificado. Puede utilizar la función de implementación inalámbrica (OTA) que proporciona AWS IoT Greengrass o cualquier otro mecanismo de implementación de su elección para implementar el paquete modelo desde su bucket de S3 en los dispositivos.
¿En qué se diferencia el SDK de Amazon SageMaker Edge Manager del tiempo de ejecución (dlr) de SageMaker Neo?,"Neo dlr es un motor de ejecución de código abierto que solo ejecuta modelos compilados por el servicio Amazon SageMaker Neo. En comparación con el dlr de código abierto, el SDK de SageMaker Edge Manager incluye un agente integrado en el dispositivo de nivel empresarial con funciones adicionales de seguridad, administración de modelos y publicación de modelos. El SDK de SageMaker Edge Manager es adecuado para la implementación de producción a escala."
¿En qué se relaciona Amazon SageMaker Edge Manager con AWS IoT Greengrass?,"Amazon SageMaker Edge Manager y AWS IoT Greengrass pueden trabajar juntos en su solución de IoT. Una vez que su modelo de aprendizaje automático esté empaquetado con SageMaker Edge Manager, podrá utilizar la función de actualización OTA de AWS IoT Greengrass para implementar el paquete del modelo en su dispositivo. AWS IoT Greengrass le permite supervisar sus dispositivos de IoT de forma remota, mientras que SageMaker Edge Manager le ayuda a supervisar y mantener los modelos de aprendizaje automático de los dispositivos."
¿Cómo se relaciona Amazon SageMaker Edge Manager con AWS Panorama? ¿Cuándo debo usar Amazon SageMaker Edge Manager en lugar de AWS Panorama?,"AWS ofrece la mayor variedad y profundidad de capacidades para ejecutar modelos en dispositivos periféricos. Disponemos de servicios que respaldan una amplia gama de casos de uso, como la visión artificial, el reconocimiento de voz y el mantenimiento predictivo. Las empresas que deseen utilizar la visión artificial en dispositivos periféricos, como cámaras y electrodomésticos, pueden utilizar AWS Panorama. Panorama ofrece aplicaciones de visión artificial listas para implementar en dispositivos periféricos. Empezar a utilizar AWS Panorama es muy sencillo: basta con iniciar sesión en la consola en la nube, especificar el modelo que desea utilizar en Amazon S3 o en SageMaker y, a continuación, escribir la lógica empresarial como un script de Python. AWS Panorama compila el modelo para el dispositivo de destino y crea un paquete de aplicaciones para que pueda implementarlo en sus dispositivos con solo unos clics. Además, los proveedores de software independientes que deseen crear sus propias aplicaciones personalizadas pueden usar el SDK de AWS Panorama, y los fabricantes de dispositivos pueden usar el SDK de dispositivos para certificar sus dispositivos para AWS Panorama. Los clientes que deseen crear sus propios modelos y tener un control más detallado sobre las características de los modelos pueden utilizar Amazon SageMaker Edge Manager. SageMaker Edge Manager es un servicio gestionado para preparar, ejecutar, supervisar y actualizar los modelos de aprendizaje automático en flotas de dispositivos periféricos, como cámaras inteligentes, altavoces inteligentes y robots, para cualquier uso, como el procesamiento del lenguaje natural, la detección de fraudes y el mantenimiento predictivo. SageMaker Edge Manager está dirigido a los desarrolladores de aprendizaje automático perimetral que desean controlar su modelo, lo que incluye diseñar diferentes funciones del modelo y supervisar los modelos para detectar posibles desviaciones. Cualquier desarrollador de ML edge puede usar SageMaker Edge Manager a través de la consola de SageMaker y las API de SageMaker. SageMaker Edge Manager incorpora las capacidades de SageMaker para crear, entrenar e implementar modelos en la nube en los dispositivos periféricos."
¿En qué regiones de AWS está disponible Amazon SageMaker Edge Manager?,"Amazon SageMaker Edge Manager está disponible en seis regiones de AWS: EE. UU. Este (Norte de Virginia), EE. UU. Este (Ohio), EE. UU. Oeste (Oregón), UE (Irlanda), UE (Fráncfort) y Asia Pacífico (Tokio). Para obtener más información, consulte la lista de servicios regionales de AWS."
¿Qué es Amazon SageMaker Neo?,Amazon SageMaker Neo permite que los modelos de aprendizaje automático se entrenen una vez y se ejecuten en cualquier lugar de la nube y en la periferia. SageMaker Neo optimiza automáticamente los modelos creados con marcos de aprendizaje profundo populares que se pueden usar para implementarlos en varias plataformas de hardware. Los modelos optimizados se ejecutan hasta 25 veces más rápido y consumen menos de una décima parte de los recursos de los modelos de aprendizaje automático típicos.
¿Cómo puedo empezar a utilizar Amazon SageMaker Neo?,"Para comenzar a utilizar Amazon SageMaker Neo, inicie sesión en la consola de Amazon SageMaker, elija un modelo entrenado, siga el ejemplo para compilar los modelos e implemente el modelo resultante en la plataforma de hardware de destino."
¿Cuáles son los componentes principales de Amazon SageMaker Neo?,"Amazon SageMaker Neo contiene dos componentes principales: un compilador y un motor de ejecución. En primer lugar, el compilador Neo lee los modelos exportados por diferentes marcos. Luego convierte las funciones y operaciones específicas del marco en una representación intermedia independiente del marco. A continuación, realiza una serie de optimizaciones. A continuación, el compilador genera código binario para las operaciones optimizadas y las escribe en una biblioteca de objetos compartida. El compilador también guarda la definición y los parámetros del modelo en archivos independientes. Durante la ejecución, el motor de ejecución de Neo carga los artefactos generados por el compilador: la definición del modelo, los parámetros y la biblioteca de objetos compartidos para ejecutar el modelo."
¿Necesito usar Amazon SageMaker para entrenar mi modelo y poder utilizar Amazon SageMaker Neo para convertirlo?,No. Puede entrenar modelos en otros lugares y utilizar Neo para optimizarlos para las instancias de aprendizaje automático de Amazon SageMaker o los dispositivos compatibles con AWS IoT Greengrass.
¿Qué modelos admite Amazon SageMaker Neo?,"En la actualidad, Amazon SageMaker Neo es compatible con los modelos de aprendizaje profundo más populares que impulsan las aplicaciones de visión artificial y con los modelos de árbol de decisiones más populares que se utilizan actualmente en Amazon SageMaker. Neo optimiza el rendimiento de los modelos AlexNet, ResNet, VGG, Inception, MobileNet, SqueezeNet y DenseNet entrenados en MXNet y TensorFlow, así como de los modelos de clasificación y bosques cortados al azar entrenados en XGBoost."
¿Qué plataformas de hardware admite Amazon SageMaker Neo?,"Puede encontrar las listas de instancias en la nube, dispositivos periféricos y versiones de marcos compatibles en la documentación de Amazon SageMaker Neo."
¿En qué regiones de AWS está disponible Amazon SageMaker Neo?,"Para ver una lista de las regiones compatibles, consulte la lista de servicios regionales de AWS."
¿Qué son los planes de ahorro de Amazon SageMaker?,"Los planes de ahorro de Amazon SageMaker ofrecen un modelo de precios flexible basado en el uso para Amazon SageMaker a cambio de un compromiso de uso constante (medido en USD por hora) durante uno o tres años. Los planes de ahorro de Amazon SageMaker ofrecen la máxima flexibilidad y ayudan a reducir sus costos hasta en un 64%. Estos planes se aplican automáticamente a los usos de instancias de SageMaker ML que cumplan los requisitos, como los blocs de notas de SageMaker Studio, los blocs de notas de SageMaker On-Demand, SageMaker Processing, SageMaker Data Wrangler, SageMaker Training, SageMaker Real-Time Inference y SageMaker Batch Transform, independientemente de la familia de instancias, el tamaño o la región. Por ejemplo, puede cambiar el uso de una instancia de CPU ml.c5.xlarge que se ejecuta en EE. UU. Este (Ohio) a una instancia ML.INF1 en EE. UU. Oeste (Oregón) para cargas de trabajo de inferencia en cualquier momento y seguir pagando automáticamente el precio de los planes de ahorro."
¿Por qué debo usar los planes de ahorro de Amazon SageMaker?,"Si utiliza una cantidad constante de instancias de Amazon SageMaker (medida en USD por hora) y utiliza varios componentes de SageMaker o espera que la configuración tecnológica (como la familia de instancias o la región) cambie con el tiempo, los planes de ahorro de SageMaker simplifican la maximización de sus ahorros y, al mismo tiempo, brindan flexibilidad para cambiar la configuración tecnológica subyacente en función de las necesidades de las aplicaciones o de las nuevas innovaciones. La tarifa de los planes de ahorro se aplica automáticamente a todas las instancias de aprendizaje automático que cumplan los requisitos, sin necesidad de realizar modificaciones manuales."
¿Cómo puedo empezar a utilizar los planes de ahorro de Amazon SageMaker?,"Puede comenzar a utilizar los planes de ahorro de AWS Cost Explorer en la consola de administración de AWS o mediante la API/CLI. Puede comprometerse fácilmente con los planes de ahorro utilizando las recomendaciones que se proporcionan en AWS Cost Explorer para obtener los mayores ahorros. El compromiso por hora recomendado se basa en su historial de uso bajo demanda y en el tipo de plan, la duración del plazo y la opción de pago que haya elegido. Una vez que te suscribas a un plan de ahorro, el uso de la computación se cobrará automáticamente según los precios de los planes de ahorro con descuento y cualquier uso que supere tu compromiso se cobrará a las tarifas regulares bajo demanda."
¿En qué se diferencian los planes de ahorro de Amazon SageMaker de los planes de ahorro de computación de Amazon EC2?,La diferencia entre los planes de ahorro para Amazon SageMaker y los planes de ahorro para EC2 reside en los servicios que incluyen. Los planes de ahorro de SageMaker se aplican únicamente al uso de instancias de ML de SageMaker.
¿Cómo funcionan los planes de ahorro con AWS Organizations/Consolidated Billing?,"Los planes de ahorro se pueden comprar en cualquier cuenta de una familia de facturación consolidada o de organización de AWS. De forma predeterminada, el beneficio que ofrecen los planes de ahorro se aplica al uso en todas las cuentas de una familia de AWS Organization/Consolidated Billing. Sin embargo, también puede optar por restringir los beneficios de los planes de ahorro únicamente a la cuenta en la que los adquirió."
,